createdAt,facilityId,co2e,fuelHint,ch4,n2o,ef,co2,month,month_sin,month_cos,anomaly_score,rolling_threshold
2025-01-20 11:00:11.628000+00:00,9c4c3fbd-9a5d-473f-8524-4a8f6735042a,0.00109,Natural Gas,2.1e-05,2e-06,53.1145,0.001089,1,0.49999999999999994,0.8660254037844387,0.186401719228387,0.1894493763433685
2025-01-20 11:00:11.628000+00:00,9c4c3fbd-9a5d-473f-8524-4a8f6735042a,0.00109,Natural Gas,2.1e-05,2e-06,53.1145,0.001089,1,0.49999999999999994,0.8660254037844387,0.186401719228387,0.1894493763433685
2025-01-20 11:00:11.628000+00:00,9c4c3fbd-9a5d-473f-8524-4a8f6735042a,0.00109,Natural Gas,2.1e-05,2e-06,53.1145,0.001089,1,0.49999999999999994,0.8660254037844387,0.186401719228387,0.1894493763433685
2025-01-20 11:00:12.131000+00:00,9c4c3fbd-9a5d-473f-8524-4a8f6735042a,0.002888,Natural Gas,5.4e-05,5e-06,53.1145,0.002885,1,0.49999999999999994,0.8660254037844387,0.186401719228387,0.18736051972871567
2025-01-20 11:00:12.131000+00:00,9c4c3fbd-9a5d-473f-8524-4a8f6735042a,0.002888,Natural Gas,5.4e-05,5e-06,53.1145,0.002885,1,0.49999999999999994,0.8660254037844387,0.186401719228387,0.18736051972871567
2025-01-20 11:00:12.131000+00:00,9c4c3fbd-9a5d-473f-8524-4a8f6735042a,0.002888,Natural Gas,5.4e-05,5e-06,53.1145,0.002885,1,0.49999999999999994,0.8660254037844387,0.186401719228387,0.18736051972871567
2025-01-20 11:02:22.961000+00:00,4ca7d8b2-c353-4b8f-9cb8-c6c66e2e6815,5.4e-05,Natural Gas,1e-06,0.0,53.1145,5.4e-05,1,0.49999999999999994,0.8660254037844387,0.1857759219063751,0.186401719228387
2025-01-20 11:02:22.961000+00:00,4ca7d8b2-c353-4b8f-9cb8-c6c66e2e6815,5.4e-05,Natural Gas,1e-06,0.0,53.1145,5.4e-05,1,0.49999999999999994,0.8660254037844387,0.1857759219063751,0.186401719228387
2025-01-20 11:02:22.961000+00:00,4ca7d8b2-c353-4b8f-9cb8-c6c66e2e6815,5.4e-05,Natural Gas,1e-06,0.0,53.1145,5.4e-05,1,0.49999999999999994,0.8660254037844387,0.1857759219063751,0.186401719228387
2025-01-20 11:02:23.828000+00:00,4ca7d8b2-c353-4b8f-9cb8-c6c66e2e6815,0.000763,Natural Gas,1.4e-05,1e-06,53.1145,0.000762,1,0.49999999999999994,0.8660254037844387,0.1857759219063751,0.186401719228387
2025-01-20 11:02:23.828000+00:00,4ca7d8b2-c353-4b8f-9cb8-c6c66e2e6815,0.000763,Natural Gas,1.4e-05,1e-06,53.1145,0.000762,1,0.49999999999999994,0.8660254037844387,0.1857759219063751,0.186401719228387
2025-01-20 11:02:23.828000+00:00,4ca7d8b2-c353-4b8f-9cb8-c6c66e2e6815,0.000763,Natural Gas,1.4e-05,1e-06,53.1145,0.000762,1,0.49999999999999994,0.8660254037844387,0.1857759219063751,0.186401719228387
2025-01-20 11:02:24.363000+00:00,4ca7d8b2-c353-4b8f-9cb8-c6c66e2e6815,0.00327,Natural Gas,6.2e-05,6e-06,53.1145,0.003266,1,0.49999999999999994,0.8660254037844387,0.1857759219063751,0.186401719228387
2025-01-20 11:02:24.363000+00:00,4ca7d8b2-c353-4b8f-9cb8-c6c66e2e6815,0.00327,Natural Gas,6.2e-05,6e-06,53.1145,0.003266,1,0.49999999999999994,0.8660254037844387,0.1857759219063751,0.186401719228387
2025-01-20 11:02:24.363000+00:00,4ca7d8b2-c353-4b8f-9cb8-c6c66e2e6815,0.00327,Natural Gas,6.2e-05,6e-06,53.1145,0.003266,1,0.49999999999999994,0.8660254037844387,0.1857759219063751,0.186401719228387
2025-01-20 11:02:24.902000+00:00,4ca7d8b2-c353-4b8f-9cb8-c6c66e2e6815,0.005232,Natural Gas,9.8e-05,1e-05,53.1145,0.005226,1,0.49999999999999994,0.8660254037844387,0.1857759219063751,0.186401719228387
2025-01-20 11:02:24.902000+00:00,4ca7d8b2-c353-4b8f-9cb8-c6c66e2e6815,0.005232,Natural Gas,9.8e-05,1e-05,53.1145,0.005226,1,0.49999999999999994,0.8660254037844387,0.1857759219063751,0.186401719228387
2025-01-20 11:02:24.902000+00:00,4ca7d8b2-c353-4b8f-9cb8-c6c66e2e6815,0.005232,Natural Gas,9.8e-05,1e-05,53.1145,0.005226,1,0.49999999999999994,0.8660254037844387,0.1857759219063751,0.186401719228387
2025-01-20 11:02:56.833000+00:00,754c692e-875e-4155-9016-f6d0d67f1b27,5.4e-05,Natural Gas,1e-06,0.0,53.1145,5.4e-05,1,0.49999999999999994,0.8660254037844387,0.18493129423636762,0.1857759219063751
2025-01-20 11:02:56.833000+00:00,754c692e-875e-4155-9016-f6d0d67f1b27,5.4e-05,Natural Gas,1e-06,0.0,53.1145,5.4e-05,1,0.49999999999999994,0.8660254037844387,0.18493129423636762,0.1857759219063751
2025-01-20 11:02:56.833000+00:00,754c692e-875e-4155-9016-f6d0d67f1b27,5.4e-05,Natural Gas,1e-06,0.0,53.1145,5.4e-05,1,0.49999999999999994,0.8660254037844387,0.18493129423636762,0.1857759219063751
2025-01-20 11:02:57.100000+00:00,754c692e-875e-4155-9016-f6d0d67f1b27,0.000599,Natural Gas,1.1e-05,1e-06,53.1145,0.000599,1,0.49999999999999994,0.8660254037844387,0.18493129423636762,0.1857759219063751
2025-01-20 11:02:57.100000+00:00,754c692e-875e-4155-9016-f6d0d67f1b27,0.000599,Natural Gas,1.1e-05,1e-06,53.1145,0.000599,1,0.49999999999999994,0.8660254037844387,0.18493129423636762,0.1857759219063751
2025-01-20 11:02:57.100000+00:00,754c692e-875e-4155-9016-f6d0d67f1b27,0.000599,Natural Gas,1.1e-05,1e-06,53.1145,0.000599,1,0.49999999999999994,0.8660254037844387,0.18493129423636762,0.1857759219063751
2025-01-20 11:02:57.453000+00:00,754c692e-875e-4155-9016-f6d0d67f1b27,0.001144,Natural Gas,2.2e-05,2e-06,53.1145,0.001143,1,0.49999999999999994,0.8660254037844387,0.18493129423636762,0.1857759219063751
2025-01-20 11:02:57.453000+00:00,754c692e-875e-4155-9016-f6d0d67f1b27,0.001144,Natural Gas,2.2e-05,2e-06,53.1145,0.001143,1,0.49999999999999994,0.8660254037844387,0.18493129423636762,0.1857759219063751
2025-01-20 11:02:57.453000+00:00,754c692e-875e-4155-9016-f6d0d67f1b27,0.001144,Natural Gas,2.2e-05,2e-06,53.1145,0.001143,1,0.49999999999999994,0.8660254037844387,0.18493129423636762,0.1857759219063751
2025-01-20 11:02:57.806000+00:00,754c692e-875e-4155-9016-f6d0d67f1b27,0.003324,Natural Gas,6.3e-05,6e-06,53.1145,0.003321,1,0.49999999999999994,0.8660254037844387,0.18493129423636762,0.1857759219063751
2025-01-20 11:02:57.806000+00:00,754c692e-875e-4155-9016-f6d0d67f1b27,0.003324,Natural Gas,6.3e-05,6e-06,53.1145,0.003321,1,0.49999999999999994,0.8660254037844387,0.18493129423636762,0.1857759219063751
2025-01-20 11:02:57.806000+00:00,754c692e-875e-4155-9016-f6d0d67f1b27,0.003324,Natural Gas,6.3e-05,6e-06,53.1145,0.003321,1,0.49999999999999994,0.8660254037844387,0.18493129423636762,0.1857759219063751
2025-01-20 11:02:58.097000+00:00,754c692e-875e-4155-9016-f6d0d67f1b27,0.003924,Natural Gas,7.4e-05,7e-06,53.1145,0.00392,1,0.49999999999999994,0.8660254037844387,0.18493129423636762,0.1857759219063751
2025-01-20 11:02:58.097000+00:00,754c692e-875e-4155-9016-f6d0d67f1b27,0.003924,Natural Gas,7.4e-05,7e-06,53.1145,0.00392,1,0.49999999999999994,0.8660254037844387,0.18493129423636762,0.1857759219063751
2025-01-20 11:02:58.097000+00:00,754c692e-875e-4155-9016-f6d0d67f1b27,0.003924,Natural Gas,7.4e-05,7e-06,53.1145,0.00392,1,0.49999999999999994,0.8660254037844387,0.18493129423636762,0.1857759219063751
2025-01-21 08:05:43.519000+00:00,bf2278d8-0d33-4e28-a55e-ad3c1537af7e,0.0,Bagasse,0.0,0.0,95.6645,0.0,1,0.49999999999999994,0.8660254037844387,0.18147567201261378,0.18493129423636762
2025-01-21 08:05:43.519000+00:00,bf2278d8-0d33-4e28-a55e-ad3c1537af7e,0.0,Bagasse,0.0,0.0,95.6645,0.0,1,0.49999999999999994,0.8660254037844387,0.18147567201261378,0.18493129423636762
2025-01-21 08:05:43.519000+00:00,bf2278d8-0d33-4e28-a55e-ad3c1537af7e,0.0,Bagasse,0.0,0.0,95.6645,0.0,1,0.49999999999999994,0.8660254037844387,0.18147567201261378,0.18493129423636762
2025-02-12 12:37:29.344000+00:00,d3c1ef4c-1c6f-45f7-ac47-2380e716c05c,0.000545,Natural Gas,1e-05,1e-06,53.1145,0.000544,2,0.8660254037844386,0.5000000000000001,0.18277181628825195,0.18493129423636762
2025-02-12 12:37:29.344000+00:00,d3c1ef4c-1c6f-45f7-ac47-2380e716c05c,0.000545,Natural Gas,1e-05,1e-06,53.1145,0.000544,2,0.8660254037844386,0.5000000000000001,0.18277181628825195,0.18493129423636762
2025-02-12 12:37:29.344000+00:00,d3c1ef4c-1c6f-45f7-ac47-2380e716c05c,0.000545,Natural Gas,1e-05,1e-06,53.1145,0.000544,2,0.8660254037844386,0.5000000000000001,0.18277181628825195,0.18493129423636762
2025-02-12 12:37:29.642000+00:00,d3c1ef4c-1c6f-45f7-ac47-2380e716c05c,0.002725,Natural Gas,5.1e-05,5e-06,53.1145,0.002722,2,0.8660254037844386,0.5000000000000001,0.18320079048043592,0.18493129423636762
2025-02-12 12:37:29.642000+00:00,d3c1ef4c-1c6f-45f7-ac47-2380e716c05c,0.002725,Natural Gas,5.1e-05,5e-06,53.1145,0.002722,2,0.8660254037844386,0.5000000000000001,0.18320079048043592,0.18493129423636762
2025-02-12 12:37:29.642000+00:00,d3c1ef4c-1c6f-45f7-ac47-2380e716c05c,0.002725,Natural Gas,5.1e-05,5e-06,53.1145,0.002722,2,0.8660254037844386,0.5000000000000001,0.18320079048043592,0.18493129423636762
2025-02-12 12:37:30.009000+00:00,d3c1ef4c-1c6f-45f7-ac47-2380e716c05c,0.007629,Natural Gas,0.000144,1.4e-05,53.1145,0.007622,2,0.8660254037844386,0.5000000000000001,0.18277181628825195,0.18493129423636762
2025-02-12 12:37:30.009000+00:00,d3c1ef4c-1c6f-45f7-ac47-2380e716c05c,0.007629,Natural Gas,0.000144,1.4e-05,53.1145,0.007622,2,0.8660254037844386,0.5000000000000001,0.18277181628825195,0.18493129423636762
2025-02-12 12:37:30.009000+00:00,d3c1ef4c-1c6f-45f7-ac47-2380e716c05c,0.007629,Natural Gas,0.000144,1.4e-05,53.1145,0.007622,2,0.8660254037844386,0.5000000000000001,0.18277181628825195,0.18493129423636762
2025-02-12 12:37:30.291000+00:00,d3c1ef4c-1c6f-45f7-ac47-2380e716c05c,0.004905,Natural Gas,9.2e-05,9e-06,53.1145,0.0049,2,0.8660254037844386,0.5000000000000001,0.1829863759438582,0.18493129423636762
2025-02-12 12:37:30.291000+00:00,d3c1ef4c-1c6f-45f7-ac47-2380e716c05c,0.004905,Natural Gas,9.2e-05,9e-06,53.1145,0.0049,2,0.8660254037844386,0.5000000000000001,0.1829863759438582,0.18493129423636762
2025-02-12 12:37:30.291000+00:00,d3c1ef4c-1c6f-45f7-ac47-2380e716c05c,0.004905,Natural Gas,9.2e-05,9e-06,53.1145,0.0049,2,0.8660254037844386,0.5000000000000001,0.1829863759438582,0.18493129423636762
2025-02-12 12:37:30.595000+00:00,d3c1ef4c-1c6f-45f7-ac47-2380e716c05c,0.00436,Natural Gas,8.2e-05,8e-06,53.1145,0.004355,2,0.8660254037844386,0.5000000000000001,0.18320079048043592,0.18493129423636762
2025-02-12 12:37:30.595000+00:00,d3c1ef4c-1c6f-45f7-ac47-2380e716c05c,0.00436,Natural Gas,8.2e-05,8e-06,53.1145,0.004355,2,0.8660254037844386,0.5000000000000001,0.18320079048043592,0.18493129423636762
2025-02-12 12:37:30.595000+00:00,d3c1ef4c-1c6f-45f7-ac47-2380e716c05c,0.00436,Natural Gas,8.2e-05,8e-06,53.1145,0.004355,2,0.8660254037844386,0.5000000000000001,0.18320079048043592,0.18493129423636762
2025-02-12 12:37:30.884000+00:00,d3c1ef4c-1c6f-45f7-ac47-2380e716c05c,0.00436,Natural Gas,8.2e-05,8e-06,53.1145,0.004355,2,0.8660254037844386,0.5000000000000001,0.18320079048043592,0.18493129423636762
2025-02-12 12:37:30.884000+00:00,d3c1ef4c-1c6f-45f7-ac47-2380e716c05c,0.00436,Natural Gas,8.2e-05,8e-06,53.1145,0.004355,2,0.8660254037844386,0.5000000000000001,0.18320079048043592,0.18493129423636762
2025-02-12 12:37:30.884000+00:00,d3c1ef4c-1c6f-45f7-ac47-2380e716c05c,0.00436,Natural Gas,8.2e-05,8e-06,53.1145,0.004355,2,0.8660254037844386,0.5000000000000001,0.18320079048043592,0.18493129423636762
2025-02-12 12:37:31.177000+00:00,d3c1ef4c-1c6f-45f7-ac47-2380e716c05c,0.00109,Natural Gas,2.1e-05,2e-06,53.1145,0.001089,2,0.8660254037844386,0.5000000000000001,0.18320079048043592,0.18493129423636762
2025-02-12 12:37:31.177000+00:00,d3c1ef4c-1c6f-45f7-ac47-2380e716c05c,0.00109,Natural Gas,2.1e-05,2e-06,53.1145,0.001089,2,0.8660254037844386,0.5000000000000001,0.18320079048043592,0.18493129423636762
2025-02-12 12:37:31.177000+00:00,d3c1ef4c-1c6f-45f7-ac47-2380e716c05c,0.00109,Natural Gas,2.1e-05,2e-06,53.1145,0.001089,2,0.8660254037844386,0.5000000000000001,0.18320079048043592,0.18493129423636762
2025-02-12 12:37:31.624000+00:00,d3c1ef4c-1c6f-45f7-ac47-2380e716c05c,0.000545,Natural Gas,1e-05,1e-06,53.1145,0.000544,2,0.8660254037844386,0.5000000000000001,0.18277181628825195,0.18493129423636762
2025-02-12 12:37:31.624000+00:00,d3c1ef4c-1c6f-45f7-ac47-2380e716c05c,0.000545,Natural Gas,1e-05,1e-06,53.1145,0.000544,2,0.8660254037844386,0.5000000000000001,0.18277181628825195,0.18493129423636762
2025-02-12 12:37:31.624000+00:00,d3c1ef4c-1c6f-45f7-ac47-2380e716c05c,0.000545,Natural Gas,1e-05,1e-06,53.1145,0.000544,2,0.8660254037844386,0.5000000000000001,0.18277181628825195,0.18493129423636762
2025-02-12 12:37:32.545000+00:00,addb0793-e77c-4beb-8572-1db7998a82d1,0.000981,Natural Gas,1.8e-05,2e-06,53.1145,0.00098,2,0.8660254037844386,0.5000000000000001,0.182949984953361,0.18493129423636762
2025-02-12 12:37:32.545000+00:00,addb0793-e77c-4beb-8572-1db7998a82d1,0.000981,Natural Gas,1.8e-05,2e-06,53.1145,0.00098,2,0.8660254037844386,0.5000000000000001,0.182949984953361,0.18493129423636762
2025-02-12 12:37:32.545000+00:00,addb0793-e77c-4beb-8572-1db7998a82d1,0.000981,Natural Gas,1.8e-05,2e-06,53.1145,0.00098,2,0.8660254037844386,0.5000000000000001,0.182949984953361,0.18493129423636762
2025-02-12 12:37:32.885000+00:00,addb0793-e77c-4beb-8572-1db7998a82d1,0.002725,Natural Gas,5.1e-05,5e-06,53.1145,0.002722,2,0.8660254037844386,0.5000000000000001,0.182949984953361,0.18320079048043592
2025-02-12 12:37:32.885000+00:00,addb0793-e77c-4beb-8572-1db7998a82d1,0.002725,Natural Gas,5.1e-05,5e-06,53.1145,0.002722,2,0.8660254037844386,0.5000000000000001,0.182949984953361,0.18320079048043592
2025-02-12 12:37:32.885000+00:00,addb0793-e77c-4beb-8572-1db7998a82d1,0.002725,Natural Gas,5.1e-05,5e-06,53.1145,0.002722,2,0.8660254037844386,0.5000000000000001,0.182949984953361,0.18320079048043592
2025-02-12 12:37:33.169000+00:00,addb0793-e77c-4beb-8572-1db7998a82d1,0.00545,Natural Gas,0.000103,1e-05,53.1145,0.005444,2,0.8660254037844386,0.5000000000000001,0.182949984953361,0.18320079048043592
2025-02-12 12:37:33.169000+00:00,addb0793-e77c-4beb-8572-1db7998a82d1,0.00545,Natural Gas,0.000103,1e-05,53.1145,0.005444,2,0.8660254037844386,0.5000000000000001,0.182949984953361,0.18320079048043592
2025-02-12 12:37:33.169000+00:00,addb0793-e77c-4beb-8572-1db7998a82d1,0.00545,Natural Gas,0.000103,1e-05,53.1145,0.005444,2,0.8660254037844386,0.5000000000000001,0.182949984953361,0.18320079048043592
2025-02-12 12:37:33.535000+00:00,addb0793-e77c-4beb-8572-1db7998a82d1,0.005559,Natural Gas,0.000105,1e-05,53.1145,0.005553,2,0.8660254037844386,0.5000000000000001,0.182949984953361,0.18320079048043592
2025-02-12 12:37:33.535000+00:00,addb0793-e77c-4beb-8572-1db7998a82d1,0.005559,Natural Gas,0.000105,1e-05,53.1145,0.005553,2,0.8660254037844386,0.5000000000000001,0.182949984953361,0.18320079048043592
2025-02-12 12:37:33.535000+00:00,addb0793-e77c-4beb-8572-1db7998a82d1,0.005559,Natural Gas,0.000105,1e-05,53.1145,0.005553,2,0.8660254037844386,0.5000000000000001,0.182949984953361,0.18320079048043592
2025-02-12 12:37:33.974000+00:00,addb0793-e77c-4beb-8572-1db7998a82d1,0.007902,Natural Gas,0.000149,1.5e-05,53.1145,0.007894,2,0.8660254037844386,0.5000000000000001,0.18273540066777744,0.18320079048043592
2025-02-12 12:37:33.974000+00:00,addb0793-e77c-4beb-8572-1db7998a82d1,0.007902,Natural Gas,0.000149,1.5e-05,53.1145,0.007894,2,0.8660254037844386,0.5000000000000001,0.18273540066777744,0.18320079048043592
2025-02-12 12:37:33.974000+00:00,addb0793-e77c-4beb-8572-1db7998a82d1,0.007902,Natural Gas,0.000149,1.5e-05,53.1145,0.007894,2,0.8660254037844386,0.5000000000000001,0.18273540066777744,0.18320079048043592
2025-02-12 12:37:34.233000+00:00,addb0793-e77c-4beb-8572-1db7998a82d1,0.006921,Natural Gas,0.00013,1.3e-05,53.1145,0.006914,2,0.8660254037844386,0.5000000000000001,0.18273540066777744,0.1829863759438582
2025-02-12 12:37:34.233000+00:00,addb0793-e77c-4beb-8572-1db7998a82d1,0.006921,Natural Gas,0.00013,1.3e-05,53.1145,0.006914,2,0.8660254037844386,0.5000000000000001,0.18273540066777744,0.1829863759438582
2025-02-12 12:37:34.233000+00:00,addb0793-e77c-4beb-8572-1db7998a82d1,0.006921,Natural Gas,0.00013,1.3e-05,53.1145,0.006914,2,0.8660254037844386,0.5000000000000001,0.18273540066777744,0.1829863759438582
2025-02-12 12:38:04.751000+00:00,4b77c59b-a068-45e2-b9ab-544a33fe0da1,0.000109,Natural Gas,2e-06,0.0,53.1145,0.000109,2,0.8660254037844386,0.5000000000000001,0.1800997196436681,0.182949984953361
2025-02-12 12:38:04.751000+00:00,4b77c59b-a068-45e2-b9ab-544a33fe0da1,0.000109,Natural Gas,2e-06,0.0,53.1145,0.000109,2,0.8660254037844386,0.5000000000000001,0.1800997196436681,0.182949984953361
2025-02-12 12:38:04.751000+00:00,4b77c59b-a068-45e2-b9ab-544a33fe0da1,0.000109,Natural Gas,2e-06,0.0,53.1145,0.000109,2,0.8660254037844386,0.5000000000000001,0.1800997196436681,0.182949984953361
2025-02-12 12:38:05.064000+00:00,4b77c59b-a068-45e2-b9ab-544a33fe0da1,0.002997,Natural Gas,5.6e-05,6e-06,53.1145,0.002994,2,0.8660254037844386,0.5000000000000001,0.18031608659183296,0.182949984953361
2025-02-12 12:38:05.064000+00:00,4b77c59b-a068-45e2-b9ab-544a33fe0da1,0.002997,Natural Gas,5.6e-05,6e-06,53.1145,0.002994,2,0.8660254037844386,0.5000000000000001,0.18031608659183296,0.182949984953361
2025-02-12 12:38:05.064000+00:00,4b77c59b-a068-45e2-b9ab-544a33fe0da1,0.002997,Natural Gas,5.6e-05,6e-06,53.1145,0.002994,2,0.8660254037844386,0.5000000000000001,0.18031608659183296,0.182949984953361
2025-02-12 12:38:05.390000+00:00,4b77c59b-a068-45e2-b9ab-544a33fe0da1,0.005123,Natural Gas,9.6e-05,1e-05,53.1145,0.005117,2,0.8660254037844386,0.5000000000000001,0.18031608659183296,0.182949984953361
2025-02-12 12:38:05.390000+00:00,4b77c59b-a068-45e2-b9ab-544a33fe0da1,0.005123,Natural Gas,9.6e-05,1e-05,53.1145,0.005117,2,0.8660254037844386,0.5000000000000001,0.18031608659183296,0.182949984953361
2025-02-12 12:38:05.390000+00:00,4b77c59b-a068-45e2-b9ab-544a33fe0da1,0.005123,Natural Gas,9.6e-05,1e-05,53.1145,0.005117,2,0.8660254037844386,0.5000000000000001,0.18031608659183296,0.182949984953361
2025-02-12 12:38:05.717000+00:00,4b77c59b-a068-45e2-b9ab-544a33fe0da1,0.0097,Natural Gas,0.000183,1.8e-05,53.1145,0.00969,2,0.8660254037844386,0.5000000000000001,0.1800997196436681,0.182949984953361
2025-02-12 12:38:05.717000+00:00,4b77c59b-a068-45e2-b9ab-544a33fe0da1,0.0097,Natural Gas,0.000183,1.8e-05,53.1145,0.00969,2,0.8660254037844386,0.5000000000000001,0.1800997196436681,0.182949984953361
2025-02-12 12:38:05.717000+00:00,4b77c59b-a068-45e2-b9ab-544a33fe0da1,0.0097,Natural Gas,0.000183,1.8e-05,53.1145,0.00969,2,0.8660254037844386,0.5000000000000001,0.1800997196436681,0.182949984953361
2025-02-12 12:38:06.009000+00:00,4b77c59b-a068-45e2-b9ab-544a33fe0da1,0.00812,Natural Gas,0.000153,1.5e-05,53.1145,0.008111,2,0.8660254037844386,0.5000000000000001,0.1800997196436681,0.182949984953361
2025-02-12 12:38:06.009000+00:00,4b77c59b-a068-45e2-b9ab-544a33fe0da1,0.00812,Natural Gas,0.000153,1.5e-05,53.1145,0.008111,2,0.8660254037844386,0.5000000000000001,0.1800997196436681,0.182949984953361
2025-02-12 12:38:06.009000+00:00,4b77c59b-a068-45e2-b9ab-544a33fe0da1,0.00812,Natural Gas,0.000153,1.5e-05,53.1145,0.008111,2,0.8660254037844386,0.5000000000000001,0.1800997196436681,0.182949984953361
2025-02-12 12:38:06.314000+00:00,4b77c59b-a068-45e2-b9ab-544a33fe0da1,0.008229,Natural Gas,0.000155,1.5e-05,53.1145,0.00822,2,0.8660254037844386,0.5000000000000001,0.1800997196436681,0.18277181628825195
2025-02-12 12:38:06.314000+00:00,4b77c59b-a068-45e2-b9ab-544a33fe0da1,0.008229,Natural Gas,0.000155,1.5e-05,53.1145,0.00822,2,0.8660254037844386,0.5000000000000001,0.1800997196436681,0.18277181628825195
2025-02-12 12:38:06.314000+00:00,4b77c59b-a068-45e2-b9ab-544a33fe0da1,0.008229,Natural Gas,0.000155,1.5e-05,53.1145,0.00822,2,0.8660254037844386,0.5000000000000001,0.1800997196436681,0.18277181628825195
2025-02-12 12:38:06.611000+00:00,4b77c59b-a068-45e2-b9ab-544a33fe0da1,0.006866,Natural Gas,0.000129,1.3e-05,53.1145,0.006859,2,0.8660254037844386,0.5000000000000001,0.1800997196436681,0.18277181628825195
2025-02-12 12:38:06.611000+00:00,4b77c59b-a068-45e2-b9ab-544a33fe0da1,0.006866,Natural Gas,0.000129,1.3e-05,53.1145,0.006859,2,0.8660254037844386,0.5000000000000001,0.1800997196436681,0.18277181628825195
2025-02-12 12:38:06.611000+00:00,4b77c59b-a068-45e2-b9ab-544a33fe0da1,0.006866,Natural Gas,0.000129,1.3e-05,53.1145,0.006859,2,0.8660254037844386,0.5000000000000001,0.1800997196436681,0.18277181628825195
2025-02-12 12:38:06.879000+00:00,4b77c59b-a068-45e2-b9ab-544a33fe0da1,0.002507,Natural Gas,4.7e-05,5e-06,53.1145,0.002504,2,0.8660254037844386,0.5000000000000001,0.18031608659183296,0.18277181628825195
2025-02-12 12:38:06.879000+00:00,4b77c59b-a068-45e2-b9ab-544a33fe0da1,0.002507,Natural Gas,4.7e-05,5e-06,53.1145,0.002504,2,0.8660254037844386,0.5000000000000001,0.18031608659183296,0.18277181628825195
2025-02-12 12:38:06.879000+00:00,4b77c59b-a068-45e2-b9ab-544a33fe0da1,0.002507,Natural Gas,4.7e-05,5e-06,53.1145,0.002504,2,0.8660254037844386,0.5000000000000001,0.18031608659183296,0.18277181628825195
2025-02-12 12:38:07.180000+00:00,4b77c59b-a068-45e2-b9ab-544a33fe0da1,0.000654,Natural Gas,1.2e-05,1e-06,53.1145,0.000653,2,0.8660254037844386,0.5000000000000001,0.1800997196436681,0.18273540066777744
2025-02-12 12:38:07.180000+00:00,4b77c59b-a068-45e2-b9ab-544a33fe0da1,0.000654,Natural Gas,1.2e-05,1e-06,53.1145,0.000653,2,0.8660254037844386,0.5000000000000001,0.1800997196436681,0.18273540066777744
2025-02-12 12:38:07.180000+00:00,4b77c59b-a068-45e2-b9ab-544a33fe0da1,0.000654,Natural Gas,1.2e-05,1e-06,53.1145,0.000653,2,0.8660254037844386,0.5000000000000001,0.1800997196436681,0.18273540066777744
2025-02-12 12:38:32.237000+00:00,8de401b9-9f40-4e86-9002-723bfa3831c1,0.000218,Natural Gas,4e-06,0.0,53.1145,0.000218,2,0.8660254037844386,0.5000000000000001,0.1810510834976285,0.18273540066777744
2025-02-12 12:38:32.237000+00:00,8de401b9-9f40-4e86-9002-723bfa3831c1,0.000218,Natural Gas,4e-06,0.0,53.1145,0.000218,2,0.8660254037844386,0.5000000000000001,0.1810510834976285,0.18273540066777744
2025-02-12 12:38:32.237000+00:00,8de401b9-9f40-4e86-9002-723bfa3831c1,0.000218,Natural Gas,4e-06,0.0,53.1145,0.000218,2,0.8660254037844386,0.5000000000000001,0.1810510834976285,0.18273540066777744
2025-02-12 12:38:32.520000+00:00,8de401b9-9f40-4e86-9002-723bfa3831c1,0.001199,Natural Gas,2.3e-05,2e-06,53.1145,0.001198,2,0.8660254037844386,0.5000000000000001,0.1810510834976285,0.18273540066777744
2025-02-12 12:38:32.520000+00:00,8de401b9-9f40-4e86-9002-723bfa3831c1,0.001199,Natural Gas,2.3e-05,2e-06,53.1145,0.001198,2,0.8660254037844386,0.5000000000000001,0.1810510834976285,0.18273540066777744
2025-02-12 12:38:32.520000+00:00,8de401b9-9f40-4e86-9002-723bfa3831c1,0.001199,Natural Gas,2.3e-05,2e-06,53.1145,0.001198,2,0.8660254037844386,0.5000000000000001,0.1810510834976285,0.18273540066777744
2025-02-12 12:38:32.799000+00:00,8de401b9-9f40-4e86-9002-723bfa3831c1,0.004142,Natural Gas,7.8e-05,8e-06,53.1145,0.004137,2,0.8660254037844386,0.5000000000000001,0.18087999569431423,0.18147567201261378
2025-02-12 12:38:32.799000+00:00,8de401b9-9f40-4e86-9002-723bfa3831c1,0.004142,Natural Gas,7.8e-05,8e-06,53.1145,0.004137,2,0.8660254037844386,0.5000000000000001,0.18087999569431423,0.18147567201261378
2025-02-12 12:38:32.799000+00:00,8de401b9-9f40-4e86-9002-723bfa3831c1,0.004142,Natural Gas,7.8e-05,8e-06,53.1145,0.004137,2,0.8660254037844386,0.5000000000000001,0.18087999569431423,0.18147567201261378
2025-02-12 12:38:33.080000+00:00,8de401b9-9f40-4e86-9002-723bfa3831c1,0.005722,Natural Gas,0.000108,1.1e-05,53.1145,0.005716,2,0.8660254037844386,0.5000000000000001,0.18066401040843022,0.1810510834976285
2025-02-12 12:38:33.080000+00:00,8de401b9-9f40-4e86-9002-723bfa3831c1,0.005722,Natural Gas,0.000108,1.1e-05,53.1145,0.005716,2,0.8660254037844386,0.5000000000000001,0.18066401040843022,0.1810510834976285
2025-02-12 12:38:33.080000+00:00,8de401b9-9f40-4e86-9002-723bfa3831c1,0.005722,Natural Gas,0.000108,1.1e-05,53.1145,0.005716,2,0.8660254037844386,0.5000000000000001,0.18066401040843022,0.1810510834976285
2025-02-12 12:38:33.423000+00:00,8de401b9-9f40-4e86-9002-723bfa3831c1,0.005123,Natural Gas,9.6e-05,1e-05,53.1145,0.005117,2,0.8660254037844386,0.5000000000000001,0.18087999569431423,0.1810510834976285
2025-02-12 12:38:33.423000+00:00,8de401b9-9f40-4e86-9002-723bfa3831c1,0.005123,Natural Gas,9.6e-05,1e-05,53.1145,0.005117,2,0.8660254037844386,0.5000000000000001,0.18087999569431423,0.1810510834976285
2025-02-12 12:38:33.423000+00:00,8de401b9-9f40-4e86-9002-723bfa3831c1,0.005123,Natural Gas,9.6e-05,1e-05,53.1145,0.005117,2,0.8660254037844386,0.5000000000000001,0.18087999569431423,0.1810510834976285
2025-02-12 12:38:38.600000+00:00,7a6177b2-da67-4e62-8e5f-74182762b19d,0.000109,Natural Gas,2e-06,0.0,53.1145,0.000109,2,0.8660254037844386,0.5000000000000001,0.17580750092748793,0.18087999569431423
2025-02-12 12:38:38.600000+00:00,7a6177b2-da67-4e62-8e5f-74182762b19d,0.000109,Natural Gas,2e-06,0.0,53.1145,0.000109,2,0.8660254037844386,0.5000000000000001,0.17580750092748793,0.18087999569431423
2025-02-12 12:38:38.600000+00:00,7a6177b2-da67-4e62-8e5f-74182762b19d,0.000109,Natural Gas,2e-06,0.0,53.1145,0.000109,2,0.8660254037844386,0.5000000000000001,0.17580750092748793,0.18087999569431423
2025-02-12 12:38:38.873000+00:00,7a6177b2-da67-4e62-8e5f-74182762b19d,0.000763,Natural Gas,1.4e-05,1e-06,53.1145,0.000762,2,0.8660254037844386,0.5000000000000001,0.17580750092748793,0.18087999569431423
2025-02-12 12:38:38.873000+00:00,7a6177b2-da67-4e62-8e5f-74182762b19d,0.000763,Natural Gas,1.4e-05,1e-06,53.1145,0.000762,2,0.8660254037844386,0.5000000000000001,0.17580750092748793,0.18087999569431423
2025-02-12 12:38:38.873000+00:00,7a6177b2-da67-4e62-8e5f-74182762b19d,0.000763,Natural Gas,1.4e-05,1e-06,53.1145,0.000762,2,0.8660254037844386,0.5000000000000001,0.17580750092748793,0.18087999569431423
2025-02-12 12:38:39.212000+00:00,7a6177b2-da67-4e62-8e5f-74182762b19d,0.00327,Natural Gas,6.2e-05,6e-06,53.1145,0.003266,2,0.8660254037844386,0.5000000000000001,0.17624589266738488,0.18066401040843022
2025-02-12 12:38:39.212000+00:00,7a6177b2-da67-4e62-8e5f-74182762b19d,0.00327,Natural Gas,6.2e-05,6e-06,53.1145,0.003266,2,0.8660254037844386,0.5000000000000001,0.17624589266738488,0.18066401040843022
2025-02-12 12:38:39.212000+00:00,7a6177b2-da67-4e62-8e5f-74182762b19d,0.00327,Natural Gas,6.2e-05,6e-06,53.1145,0.003266,2,0.8660254037844386,0.5000000000000001,0.17624589266738488,0.18066401040843022
2025-02-12 12:38:39.580000+00:00,7a6177b2-da67-4e62-8e5f-74182762b19d,0.003706,Natural Gas,7e-05,7e-06,53.1145,0.003702,2,0.8660254037844386,0.5000000000000001,0.17646486618026003,0.18031608659183296
2025-02-12 12:38:39.580000+00:00,7a6177b2-da67-4e62-8e5f-74182762b19d,0.003706,Natural Gas,7e-05,7e-06,53.1145,0.003702,2,0.8660254037844386,0.5000000000000001,0.17646486618026003,0.18031608659183296
2025-02-12 12:38:39.580000+00:00,7a6177b2-da67-4e62-8e5f-74182762b19d,0.003706,Natural Gas,7e-05,7e-06,53.1145,0.003702,2,0.8660254037844386,0.5000000000000001,0.17646486618026003,0.18031608659183296
2025-02-12 12:38:39.889000+00:00,7a6177b2-da67-4e62-8e5f-74182762b19d,0.003324,Natural Gas,6.3e-05,6e-06,53.1145,0.003321,2,0.8660254037844386,0.5000000000000001,0.17624589266738488,0.18031608659183296
2025-02-12 12:38:39.889000+00:00,7a6177b2-da67-4e62-8e5f-74182762b19d,0.003324,Natural Gas,6.3e-05,6e-06,53.1145,0.003321,2,0.8660254037844386,0.5000000000000001,0.17624589266738488,0.18031608659183296
2025-02-12 12:38:39.889000+00:00,7a6177b2-da67-4e62-8e5f-74182762b19d,0.003324,Natural Gas,6.3e-05,6e-06,53.1145,0.003321,2,0.8660254037844386,0.5000000000000001,0.17624589266738488,0.18031608659183296
2025-02-12 12:38:40.305000+00:00,7a6177b2-da67-4e62-8e5f-74182762b19d,0.00436,Natural Gas,8.2e-05,8e-06,53.1145,0.004355,2,0.8660254037844386,0.5000000000000001,0.17602677094989655,0.18031608659183296
2025-02-12 12:38:40.305000+00:00,7a6177b2-da67-4e62-8e5f-74182762b19d,0.00436,Natural Gas,8.2e-05,8e-06,53.1145,0.004355,2,0.8660254037844386,0.5000000000000001,0.17602677094989655,0.18031608659183296
2025-02-12 12:38:40.305000+00:00,7a6177b2-da67-4e62-8e5f-74182762b19d,0.00436,Natural Gas,8.2e-05,8e-06,53.1145,0.004355,2,0.8660254037844386,0.5000000000000001,0.17602677094989655,0.18031608659183296
2025-02-12 12:38:40.595000+00:00,7a6177b2-da67-4e62-8e5f-74182762b19d,0.003488,Natural Gas,6.6e-05,7e-06,53.1145,0.003484,2,0.8660254037844386,0.5000000000000001,0.17646486618026003,0.1800997196436681
2025-02-12 12:38:40.595000+00:00,7a6177b2-da67-4e62-8e5f-74182762b19d,0.003488,Natural Gas,6.6e-05,7e-06,53.1145,0.003484,2,0.8660254037844386,0.5000000000000001,0.17646486618026003,0.1800997196436681
2025-02-12 12:38:40.595000+00:00,7a6177b2-da67-4e62-8e5f-74182762b19d,0.003488,Natural Gas,6.6e-05,7e-06,53.1145,0.003484,2,0.8660254037844386,0.5000000000000001,0.17646486618026003,0.1800997196436681
2025-02-12 12:38:40.899000+00:00,7a6177b2-da67-4e62-8e5f-74182762b19d,0.001308,Natural Gas,2.5e-05,2e-06,53.1145,0.001307,2,0.8660254037844386,0.5000000000000001,0.17580750092748793,0.1800997196436681
2025-02-12 12:38:40.899000+00:00,7a6177b2-da67-4e62-8e5f-74182762b19d,0.001308,Natural Gas,2.5e-05,2e-06,53.1145,0.001307,2,0.8660254037844386,0.5000000000000001,0.17580750092748793,0.1800997196436681
2025-02-12 12:38:40.899000+00:00,7a6177b2-da67-4e62-8e5f-74182762b19d,0.001308,Natural Gas,2.5e-05,2e-06,53.1145,0.001307,2,0.8660254037844386,0.5000000000000001,0.17580750092748793,0.1800997196436681
2025-02-12 12:38:41.203000+00:00,7a6177b2-da67-4e62-8e5f-74182762b19d,0.00049,Natural Gas,9e-06,1e-06,53.1145,0.00049,2,0.8660254037844386,0.5000000000000001,0.17580750092748793,0.1800997196436681
2025-02-12 12:38:41.203000+00:00,7a6177b2-da67-4e62-8e5f-74182762b19d,0.00049,Natural Gas,9e-06,1e-06,53.1145,0.00049,2,0.8660254037844386,0.5000000000000001,0.17580750092748793,0.1800997196436681
2025-02-12 12:38:41.203000+00:00,7a6177b2-da67-4e62-8e5f-74182762b19d,0.00049,Natural Gas,9e-06,1e-06,53.1145,0.00049,2,0.8660254037844386,0.5000000000000001,0.17580750092748793,0.1800997196436681
2025-02-12 12:39:04.288000+00:00,d6ca4d3a-2e50-4c31-a960-65be4e0b718a,0.000572,Natural Gas,1.1e-05,1e-06,53.1145,0.000572,2,0.8660254037844386,0.5000000000000001,0.17855592101007867,0.1800997196436681
2025-02-12 12:39:04.288000+00:00,d6ca4d3a-2e50-4c31-a960-65be4e0b718a,0.000572,Natural Gas,1.1e-05,1e-06,53.1145,0.000572,2,0.8660254037844386,0.5000000000000001,0.17855592101007867,0.1800997196436681
2025-02-12 12:39:04.288000+00:00,d6ca4d3a-2e50-4c31-a960-65be4e0b718a,0.000572,Natural Gas,1.1e-05,1e-06,53.1145,0.000572,2,0.8660254037844386,0.5000000000000001,0.17855592101007867,0.1800997196436681
2025-02-12 12:39:04.574000+00:00,d6ca4d3a-2e50-4c31-a960-65be4e0b718a,5e-06,Natural Gas,0.0,0.0,53.1145,5e-06,2,0.8660254037844386,0.5000000000000001,0.17855592101007867,0.1800997196436681
2025-02-12 12:39:04.574000+00:00,d6ca4d3a-2e50-4c31-a960-65be4e0b718a,5e-06,Natural Gas,0.0,0.0,53.1145,5e-06,2,0.8660254037844386,0.5000000000000001,0.17855592101007867,0.1800997196436681
2025-02-12 12:39:04.574000+00:00,d6ca4d3a-2e50-4c31-a960-65be4e0b718a,5e-06,Natural Gas,0.0,0.0,53.1145,5e-06,2,0.8660254037844386,0.5000000000000001,0.17855592101007867,0.1800997196436681
2025-02-12 12:39:04.863000+00:00,d6ca4d3a-2e50-4c31-a960-65be4e0b718a,0.000381,Natural Gas,7e-06,1e-06,53.1145,0.000381,2,0.8660254037844386,0.5000000000000001,0.17855592101007867,0.1800997196436681
2025-02-12 12:39:04.863000+00:00,d6ca4d3a-2e50-4c31-a960-65be4e0b718a,0.000381,Natural Gas,7e-06,1e-06,53.1145,0.000381,2,0.8660254037844386,0.5000000000000001,0.17855592101007867,0.1800997196436681
2025-02-12 12:39:04.863000+00:00,d6ca4d3a-2e50-4c31-a960-65be4e0b718a,0.000381,Natural Gas,7e-06,1e-06,53.1145,0.000381,2,0.8660254037844386,0.5000000000000001,0.17855592101007867,0.1800997196436681
2025-02-12 12:39:05.153000+00:00,d6ca4d3a-2e50-4c31-a960-65be4e0b718a,0.000458,Natural Gas,9e-06,1e-06,53.1145,0.000457,2,0.8660254037844386,0.5000000000000001,0.17855592101007867,0.17999165373931686
2025-02-12 12:39:05.153000+00:00,d6ca4d3a-2e50-4c31-a960-65be4e0b718a,0.000458,Natural Gas,9e-06,1e-06,53.1145,0.000457,2,0.8660254037844386,0.5000000000000001,0.17855592101007867,0.17999165373931686
2025-02-12 12:39:05.153000+00:00,d6ca4d3a-2e50-4c31-a960-65be4e0b718a,0.000458,Natural Gas,9e-06,1e-06,53.1145,0.000457,2,0.8660254037844386,0.5000000000000001,0.17855592101007867,0.17999165373931686
2025-02-12 12:39:05.707000+00:00,d6ca4d3a-2e50-4c31-a960-65be4e0b718a,0.00164,Natural Gas,3.1e-05,3e-06,53.1145,0.001639,2,0.8660254037844386,0.5000000000000001,0.17833836275500342,0.17855592101007867
2025-02-12 12:39:05.707000+00:00,d6ca4d3a-2e50-4c31-a960-65be4e0b718a,0.00164,Natural Gas,3.1e-05,3e-06,53.1145,0.001639,2,0.8660254037844386,0.5000000000000001,0.17833836275500342,0.17855592101007867
2025-02-12 12:39:05.707000+00:00,d6ca4d3a-2e50-4c31-a960-65be4e0b718a,0.00164,Natural Gas,3.1e-05,3e-06,53.1145,0.001639,2,0.8660254037844386,0.5000000000000001,0.17833836275500342,0.17855592101007867
2025-02-12 14:24:34.928000+00:00,7a6177b2-da67-4e62-8e5f-74182762b19d,0.000545,Natural Gas,1e-05,1e-06,53.1145,0.000544,2,0.8660254037844386,0.5000000000000001,0.17580750092748793,0.17855592101007867
2025-02-12 14:24:34.928000+00:00,7a6177b2-da67-4e62-8e5f-74182762b19d,0.000545,Natural Gas,1e-05,1e-06,53.1145,0.000544,2,0.8660254037844386,0.5000000000000001,0.17580750092748793,0.17855592101007867
2025-02-12 14:24:34.928000+00:00,7a6177b2-da67-4e62-8e5f-74182762b19d,0.000545,Natural Gas,1e-05,1e-06,53.1145,0.000544,2,0.8660254037844386,0.5000000000000001,0.17580750092748793,0.17855592101007867
2025-02-12 14:24:35.575000+00:00,7a6177b2-da67-4e62-8e5f-74182762b19d,0.003161,Natural Gas,6e-05,6e-06,53.1145,0.003157,2,0.8660254037844386,0.5000000000000001,0.17624589266738488,0.17855592101007867
2025-02-12 14:24:35.575000+00:00,7a6177b2-da67-4e62-8e5f-74182762b19d,0.003161,Natural Gas,6e-05,6e-06,53.1145,0.003157,2,0.8660254037844386,0.5000000000000001,0.17624589266738488,0.17855592101007867
2025-02-12 14:24:35.575000+00:00,7a6177b2-da67-4e62-8e5f-74182762b19d,0.003161,Natural Gas,6e-05,6e-06,53.1145,0.003157,2,0.8660254037844386,0.5000000000000001,0.17624589266738488,0.17855592101007867
2025-02-12 14:24:36.424000+00:00,7a6177b2-da67-4e62-8e5f-74182762b19d,0.002561,Natural Gas,4.8e-05,5e-06,53.1145,0.002559,2,0.8660254037844386,0.5000000000000001,0.17602677094989655,0.17855592101007867
2025-02-12 14:24:36.424000+00:00,7a6177b2-da67-4e62-8e5f-74182762b19d,0.002561,Natural Gas,4.8e-05,5e-06,53.1145,0.002559,2,0.8660254037844386,0.5000000000000001,0.17602677094989655,0.17855592101007867
2025-02-12 14:24:36.424000+00:00,7a6177b2-da67-4e62-8e5f-74182762b19d,0.002561,Natural Gas,4.8e-05,5e-06,53.1145,0.002559,2,0.8660254037844386,0.5000000000000001,0.17602677094989655,0.17855592101007867
2025-02-12 14:24:37.089000+00:00,7a6177b2-da67-4e62-8e5f-74182762b19d,0.003978,Natural Gas,7.5e-05,7e-06,53.1145,0.003974,2,0.8660254037844386,0.5000000000000001,0.17602677094989655,0.17855592101007867
2025-02-12 14:24:37.089000+00:00,7a6177b2-da67-4e62-8e5f-74182762b19d,0.003978,Natural Gas,7.5e-05,7e-06,53.1145,0.003974,2,0.8660254037844386,0.5000000000000001,0.17602677094989655,0.17855592101007867
2025-02-12 14:24:37.089000+00:00,7a6177b2-da67-4e62-8e5f-74182762b19d,0.003978,Natural Gas,7.5e-05,7e-06,53.1145,0.003974,2,0.8660254037844386,0.5000000000000001,0.17602677094989655,0.17855592101007867
2025-02-12 14:24:37.931000+00:00,7a6177b2-da67-4e62-8e5f-74182762b19d,0.003651,Natural Gas,6.9e-05,7e-06,53.1145,0.003647,2,0.8660254037844386,0.5000000000000001,0.17646486618026003,0.17855592101007867
2025-02-12 14:24:37.931000+00:00,7a6177b2-da67-4e62-8e5f-74182762b19d,0.003651,Natural Gas,6.9e-05,7e-06,53.1145,0.003647,2,0.8660254037844386,0.5000000000000001,0.17646486618026003,0.17855592101007867
2025-02-12 14:24:37.931000+00:00,7a6177b2-da67-4e62-8e5f-74182762b19d,0.003651,Natural Gas,6.9e-05,7e-06,53.1145,0.003647,2,0.8660254037844386,0.5000000000000001,0.17646486618026003,0.17855592101007867
2025-02-12 14:24:38.699000+00:00,7a6177b2-da67-4e62-8e5f-74182762b19d,0.002507,Natural Gas,4.7e-05,5e-06,53.1145,0.002504,2,0.8660254037844386,0.5000000000000001,0.17602677094989655,0.17855592101007867
2025-02-12 14:24:38.699000+00:00,7a6177b2-da67-4e62-8e5f-74182762b19d,0.002507,Natural Gas,4.7e-05,5e-06,53.1145,0.002504,2,0.8660254037844386,0.5000000000000001,0.17602677094989655,0.17855592101007867
2025-02-12 14:24:38.699000+00:00,7a6177b2-da67-4e62-8e5f-74182762b19d,0.002507,Natural Gas,4.7e-05,5e-06,53.1145,0.002504,2,0.8660254037844386,0.5000000000000001,0.17602677094989655,0.17855592101007867
2025-02-12 14:24:39.775000+00:00,7a6177b2-da67-4e62-8e5f-74182762b19d,0.002071,Natural Gas,3.9e-05,4e-06,53.1145,0.002069,2,0.8660254037844386,0.5000000000000001,0.17580750092748793,0.17833836275500342
2025-02-12 14:24:39.775000+00:00,7a6177b2-da67-4e62-8e5f-74182762b19d,0.002071,Natural Gas,3.9e-05,4e-06,53.1145,0.002069,2,0.8660254037844386,0.5000000000000001,0.17580750092748793,0.17833836275500342
2025-02-12 14:24:39.775000+00:00,7a6177b2-da67-4e62-8e5f-74182762b19d,0.002071,Natural Gas,3.9e-05,4e-06,53.1145,0.002069,2,0.8660254037844386,0.5000000000000001,0.17580750092748793,0.17833836275500342
2025-03-20 03:53:42.562000+00:00,beae4852-c882-4706-8dd9-f8ce4dc11989,1357.982924,Biomass Briquettes,21.197782,2.782209,2.05,0.0,3,1.0,6.123233995736766e-17,0.1749619596780625,0.17833836275500342
2025-03-20 03:53:42.562000+00:00,beae4852-c882-4706-8dd9-f8ce4dc11989,1357.982924,Biomass Briquettes,21.197782,2.782209,2.05,0.0,3,1.0,6.123233995736766e-17,0.1749619596780625,0.17833836275500342
2025-03-20 03:53:42.562000+00:00,beae4852-c882-4706-8dd9-f8ce4dc11989,1357.982924,Biomass Briquettes,21.197782,2.782209,2.05,0.0,3,1.0,6.123233995736766e-17,0.1749619596780625,0.17833836275500342
2025-03-20 03:55:30.261000+00:00,beae4852-c882-4706-8dd9-f8ce4dc11989,15968.516943,Piped Natural Gas,0.300782,0.030078,53.09,15959.493483,3,1.0,6.123233995736766e-17,0.1764399055353933,0.17790280440495893
2025-03-20 03:55:30.261000+00:00,beae4852-c882-4706-8dd9-f8ce4dc11989,15968.516943,Piped Natural Gas,0.300782,0.030078,53.09,15959.493483,3,1.0,6.123233995736766e-17,0.1764399055353933,0.17790280440495893
2025-03-20 03:55:30.261000+00:00,beae4852-c882-4706-8dd9-f8ce4dc11989,15968.516943,Piped Natural Gas,0.300782,0.030078,53.09,15959.493483,3,1.0,6.123233995736766e-17,0.1764399055353933,0.17790280440495893
2025-03-20 03:56:15.627000+00:00,beae4852-c882-4706-8dd9-f8ce4dc11989,3357926.348112,Coal,48.642101,97.284201,207.1,3328741.087723,3,1.0,6.123233995736766e-17,0.1325012414887458,0.17646486618026003
2025-03-20 03:56:15.627000+00:00,beae4852-c882-4706-8dd9-f8ce4dc11989,3357926.348112,Coal,48.642101,97.284201,207.1,3328741.087723,3,1.0,6.123233995736766e-17,0.1325012414887458,0.17646486618026003
2025-03-20 03:56:15.627000+00:00,beae4852-c882-4706-8dd9-f8ce4dc11989,3357926.348112,Coal,48.642101,97.284201,207.1,3328741.087723,3,1.0,6.123233995736766e-17,0.1325012414887458,0.17646486618026003
2025-04-24 06:40:18.382000+00:00,d76f1b50-95e8-413d-9d3d-bd1fa7b0eb37,9241.622066,Natural Gas,173.994334,17.399433,53.1145,9232.139375,4,0.8660254037844387,-0.4999999999999998,0.15434846263976576,0.17646486618026003
2025-04-24 06:40:18.382000+00:00,d76f1b50-95e8-413d-9d3d-bd1fa7b0eb37,9241.622066,Natural Gas,173.994334,17.399433,53.1145,9232.139375,4,0.8660254037844387,-0.4999999999999998,0.15434846263976576,0.17646486618026003
2025-04-24 06:40:18.382000+00:00,d76f1b50-95e8-413d-9d3d-bd1fa7b0eb37,9241.622066,Natural Gas,173.994334,17.399433,53.1145,9232.139375,4,0.8660254037844387,-0.4999999999999998,0.15434846263976576,0.17646486618026003
2025-04-24 06:40:30.702000+00:00,d76f1b50-95e8-413d-9d3d-bd1fa7b0eb37,1.138822,LPG,4.2e-05,1.1e-05,2996.9,1.134144,4,0.8660254037844387,-0.4999999999999998,0.17440705268415774,0.17646486618026003
2025-04-24 06:40:30.702000+00:00,d76f1b50-95e8-413d-9d3d-bd1fa7b0eb37,1.138822,LPG,4.2e-05,1.1e-05,2996.9,1.134144,4,0.8660254037844387,-0.4999999999999998,0.17440705268415774,0.17646486618026003
2025-04-24 06:40:30.702000+00:00,d76f1b50-95e8-413d-9d3d-bd1fa7b0eb37,1.138822,LPG,4.2e-05,1.1e-05,2996.9,1.134144,4,0.8660254037844387,-0.4999999999999998,0.17440705268415774,0.17646486618026003
2025-04-24 06:41:06.609000+00:00,d76f1b50-95e8-413d-9d3d-bd1fa7b0eb37,0.609128,Diesel (Ambulance + Fire Jeep + Fire Truck),3.2e-05,7e-06,2697.91,0.605482,4,0.8660254037844387,-0.4999999999999998,0.1600806868343284,0.1764399055353933
2025-04-24 06:41:06.609000+00:00,d76f1b50-95e8-413d-9d3d-bd1fa7b0eb37,0.609128,Diesel (Ambulance + Fire Jeep + Fire Truck),3.2e-05,7e-06,2697.91,0.605482,4,0.8660254037844387,-0.4999999999999998,0.1600806868343284,0.1764399055353933
2025-04-24 06:41:06.609000+00:00,d76f1b50-95e8-413d-9d3d-bd1fa7b0eb37,0.609128,Diesel (Ambulance + Fire Jeep + Fire Truck),3.2e-05,7e-06,2697.91,0.605482,4,0.8660254037844387,-0.4999999999999998,0.1600806868343284,0.1764399055353933
2025-04-24 06:41:30.392000+00:00,f6cf79ba-d82b-4cf3-a0d1-7c94fa19e876,727.4664,Coal,0.0432,0.01296,1683.95,723.6864,4,0.8660254037844387,-0.4999999999999998,0.14857157802065118,0.17624589266738488
2025-04-24 06:41:30.392000+00:00,f6cf79ba-d82b-4cf3-a0d1-7c94fa19e876,727.4664,Coal,0.0432,0.01296,1683.95,723.6864,4,0.8660254037844387,-0.4999999999999998,0.14857157802065118,0.17624589266738488
2025-04-24 06:41:30.392000+00:00,f6cf79ba-d82b-4cf3-a0d1-7c94fa19e876,727.4664,Coal,0.0432,0.01296,1683.95,723.6864,4,0.8660254037844387,-0.4999999999999998,0.14857157802065118,0.17624589266738488
2025-04-24 06:41:42.465000+00:00,f6cf79ba-d82b-4cf3-a0d1-7c94fa19e876,559.48507,Natural Gas (NPK+Ammonia Fuel),0.022173,0.001109,2.17,554.328526,4,0.8660254037844387,-0.4999999999999998,0.14834436614320873,0.17624589266738488
2025-04-24 06:41:42.465000+00:00,f6cf79ba-d82b-4cf3-a0d1-7c94fa19e876,559.48507,Natural Gas (NPK+Ammonia Fuel),0.022173,0.001109,2.17,554.328526,4,0.8660254037844387,-0.4999999999999998,0.14834436614320873,0.17624589266738488
2025-04-24 06:41:42.465000+00:00,f6cf79ba-d82b-4cf3-a0d1-7c94fa19e876,559.48507,Natural Gas (NPK+Ammonia Fuel),0.022173,0.001109,2.17,554.328526,4,0.8660254037844387,-0.4999999999999998,0.14834436614320873,0.17624589266738488
2025-04-24 06:42:30.423000+00:00,f6cf79ba-d82b-4cf3-a0d1-7c94fa19e876,12.464344,Diesel (Forklifts),0.000647,0.000139,2697.91,12.389731,4,0.8660254037844387,-0.4999999999999998,0.14376313653709544,0.17624589266738488
2025-04-24 06:42:30.423000+00:00,f6cf79ba-d82b-4cf3-a0d1-7c94fa19e876,12.464344,Diesel (Forklifts),0.000647,0.000139,2697.91,12.389731,4,0.8660254037844387,-0.4999999999999998,0.14376313653709544,0.17624589266738488
2025-04-24 06:42:30.423000+00:00,f6cf79ba-d82b-4cf3-a0d1-7c94fa19e876,12.464344,Diesel (Forklifts),0.000647,0.000139,2697.91,12.389731,4,0.8660254037844387,-0.4999999999999998,0.14376313653709544,0.17624589266738488
2025-04-24 06:43:06.664000+00:00,674abb00-bd3d-4e10-ab02-413c4e46eb4b,3.524685,HSD,0.000183,3.9e-05,2697.91,3.503585,4,0.8660254037844387,-0.4999999999999998,0.16444382878855524,0.17602677094989655
2025-04-24 06:43:06.664000+00:00,674abb00-bd3d-4e10-ab02-413c4e46eb4b,3.524685,HSD,0.000183,3.9e-05,2697.91,3.503585,4,0.8660254037844387,-0.4999999999999998,0.16444382878855524,0.17602677094989655
2025-04-24 06:43:06.664000+00:00,674abb00-bd3d-4e10-ab02-413c4e46eb4b,3.524685,HSD,0.000183,3.9e-05,2697.91,3.503585,4,0.8660254037844387,-0.4999999999999998,0.16444382878855524,0.17602677094989655
2025-04-24 06:43:42.669000+00:00,22f23de9-7b11-4bdf-9521-a421fccacdbf,5.580228,LPG,0.000205,5.6e-05,2996.9,5.557307,4,0.8660254037844387,-0.4999999999999998,0.15918521645286843,0.17602677094989655
2025-04-24 06:43:42.669000+00:00,22f23de9-7b11-4bdf-9521-a421fccacdbf,5.580228,LPG,0.000205,5.6e-05,2996.9,5.557307,4,0.8660254037844387,-0.4999999999999998,0.15918521645286843,0.17602677094989655
2025-04-24 06:43:42.669000+00:00,22f23de9-7b11-4bdf-9521-a421fccacdbf,5.580228,LPG,0.000205,5.6e-05,2996.9,5.557307,4,0.8660254037844387,-0.4999999999999998,0.15918521645286843,0.17602677094989655
2025-04-24 06:43:54.435000+00:00,22f23de9-7b11-4bdf-9521-a421fccacdbf,4.613426,Diesel,0.000239,5.1e-05,2697.91,4.58581,4,0.8660254037844387,-0.4999999999999998,0.14978364153648055,0.17602677094989655
2025-04-24 06:43:54.435000+00:00,22f23de9-7b11-4bdf-9521-a421fccacdbf,4.613426,Diesel,0.000239,5.1e-05,2697.91,4.58581,4,0.8660254037844387,-0.4999999999999998,0.14978364153648055,0.17602677094989655
2025-04-24 06:43:54.435000+00:00,22f23de9-7b11-4bdf-9521-a421fccacdbf,4.613426,Diesel,0.000239,5.1e-05,2697.91,4.58581,4,0.8660254037844387,-0.4999999999999998,0.14978364153648055,0.17602677094989655
2025-04-24 06:44:42.463000+00:00,d0f9256f-17f4-4b7e-abc7-2eeeba8d59c0,8386.071,Coal,0.498,0.1494,1683.95,8342.496,4,0.8660254037844387,-0.4999999999999998,0.1558712912955943,0.17602677094989655
2025-04-24 06:44:42.463000+00:00,d0f9256f-17f4-4b7e-abc7-2eeeba8d59c0,8386.071,Coal,0.498,0.1494,1683.95,8342.496,4,0.8660254037844387,-0.4999999999999998,0.1558712912955943,0.17602677094989655
2025-04-24 06:44:42.463000+00:00,d0f9256f-17f4-4b7e-abc7-2eeeba8d59c0,8386.071,Coal,0.498,0.1494,1683.95,8342.496,4,0.8660254037844387,-0.4999999999999998,0.1558712912955943,0.17602677094989655
2025-04-24 06:44:54.498000+00:00,d0f9256f-17f4-4b7e-abc7-2eeeba8d59c0,0.053958,HSD,3e-06,1e-06,2697.91,0.053635,4,0.8660254037844387,-0.4999999999999998,0.16949941792602635,0.17580750092748793
2025-04-24 06:44:54.498000+00:00,d0f9256f-17f4-4b7e-abc7-2eeeba8d59c0,0.053958,HSD,3e-06,1e-06,2697.91,0.053635,4,0.8660254037844387,-0.4999999999999998,0.16949941792602635,0.17580750092748793
2025-04-24 06:44:54.498000+00:00,d0f9256f-17f4-4b7e-abc7-2eeeba8d59c0,0.053958,HSD,3e-06,1e-06,2697.91,0.053635,4,0.8660254037844387,-0.4999999999999998,0.16949941792602635,0.17580750092748793
2025-04-24 06:45:30.487000+00:00,8ccaec05-bd1d-44a2-a522-e2d02e33346c,13.89124,Furnace Oil,0.000532,8.9e-05,3135.72,13.854914,4,0.8660254037844387,-0.4999999999999998,0.15370612312653698,0.17580750092748793
2025-04-24 06:45:30.487000+00:00,8ccaec05-bd1d-44a2-a522-e2d02e33346c,13.89124,Furnace Oil,0.000532,8.9e-05,3135.72,13.854914,4,0.8660254037844387,-0.4999999999999998,0.15370612312653698,0.17580750092748793
2025-04-24 06:45:30.487000+00:00,8ccaec05-bd1d-44a2-a522-e2d02e33346c,13.89124,Furnace Oil,0.000532,8.9e-05,3135.72,13.854914,4,0.8660254037844387,-0.4999999999999998,0.15370612312653698,0.17580750092748793
2025-04-24 06:45:42.697000+00:00,8ccaec05-bd1d-44a2-a522-e2d02e33346c,3.73121,HSD,0.000194,4.1e-05,2697.91,3.708874,4,0.8660254037844387,-0.4999999999999998,0.16420199723569523,0.17580750092748793
2025-04-24 06:45:42.697000+00:00,8ccaec05-bd1d-44a2-a522-e2d02e33346c,3.73121,HSD,0.000194,4.1e-05,2697.91,3.708874,4,0.8660254037844387,-0.4999999999999998,0.16420199723569523,0.17580750092748793
2025-04-24 06:45:42.697000+00:00,8ccaec05-bd1d-44a2-a522-e2d02e33346c,3.73121,HSD,0.000194,4.1e-05,2697.91,3.708874,4,0.8660254037844387,-0.4999999999999998,0.16420199723569523,0.17580750092748793
2025-04-24 06:45:54.483000+00:00,8ccaec05-bd1d-44a2-a522-e2d02e33346c,1.683496,Diesel,8.7e-05,1.9e-05,2697.91,1.673418,4,0.8660254037844387,-0.4999999999999998,0.15999496087866472,0.17580750092748793
2025-04-24 06:45:54.483000+00:00,8ccaec05-bd1d-44a2-a522-e2d02e33346c,1.683496,Diesel,8.7e-05,1.9e-05,2697.91,1.673418,4,0.8660254037844387,-0.4999999999999998,0.15999496087866472,0.17580750092748793
2025-04-24 06:45:54.483000+00:00,8ccaec05-bd1d-44a2-a522-e2d02e33346c,1.683496,Diesel,8.7e-05,1.9e-05,2697.91,1.673418,4,0.8660254037844387,-0.4999999999999998,0.15999496087866472,0.17580750092748793
2025-04-24 06:46:06.486000+00:00,8ccaec05-bd1d-44a2-a522-e2d02e33346c,1.195763,LPG,4.4e-05,1.2e-05,2996.9,1.190851,4,0.8660254037844387,-0.4999999999999998,0.17239157245752756,0.17580750092748793
2025-04-24 06:46:06.486000+00:00,8ccaec05-bd1d-44a2-a522-e2d02e33346c,1.195763,LPG,4.4e-05,1.2e-05,2996.9,1.190851,4,0.8660254037844387,-0.4999999999999998,0.17239157245752756,0.17580750092748793
2025-04-24 06:46:06.486000+00:00,8ccaec05-bd1d-44a2-a522-e2d02e33346c,1.195763,LPG,4.4e-05,1.2e-05,2996.9,1.190851,4,0.8660254037844387,-0.4999999999999998,0.17239157245752756,0.17580750092748793
2025-04-24 06:47:30.626000+00:00,e0bd2a9c-69d4-403e-beed-3b9a6b08b382,8071.048926,Natural Gas (Boiler+HRSG+GT),0.319866,0.015993,2.17,7996.661378,4,0.8660254037844387,-0.4999999999999998,0.15452933374434225,0.17580750092748793
2025-04-24 06:47:30.626000+00:00,e0bd2a9c-69d4-403e-beed-3b9a6b08b382,8071.048926,Natural Gas (Boiler+HRSG+GT),0.319866,0.015993,2.17,7996.661378,4,0.8660254037844387,-0.4999999999999998,0.15452933374434225,0.17580750092748793
2025-04-24 06:47:30.626000+00:00,e0bd2a9c-69d4-403e-beed-3b9a6b08b382,8071.048926,Natural Gas (Boiler+HRSG+GT),0.319866,0.015993,2.17,7996.661378,4,0.8660254037844387,-0.4999999999999998,0.15452933374434225,0.17580750092748793
2025-04-24 06:47:42.517000+00:00,e0bd2a9c-69d4-403e-beed-3b9a6b08b382,12721.553126,Natural Gas (Reformer Burner),0.504172,0.025209,2.17,12604.303789,4,0.8660254037844387,-0.4999999999999998,0.14325172737445563,0.1749619596780625
2025-04-24 06:47:42.517000+00:00,e0bd2a9c-69d4-403e-beed-3b9a6b08b382,12721.553126,Natural Gas (Reformer Burner),0.504172,0.025209,2.17,12604.303789,4,0.8660254037844387,-0.4999999999999998,0.14325172737445563,0.1749619596780625
2025-04-24 06:47:42.517000+00:00,e0bd2a9c-69d4-403e-beed-3b9a6b08b382,12721.553126,Natural Gas (Reformer Burner),0.504172,0.025209,2.17,12604.303789,4,0.8660254037844387,-0.4999999999999998,0.14325172737445563,0.1749619596780625
2025-04-24 06:48:06.753000+00:00,0df655af-916f-4b4a-969f-258803728022,0.242812,HSD,1.3e-05,3e-06,2697.91,0.241358,4,0.8660254037844387,-0.4999999999999998,0.16718499008346033,0.17440705268415774
2025-04-24 06:48:06.753000+00:00,0df655af-916f-4b4a-969f-258803728022,0.242812,HSD,1.3e-05,3e-06,2697.91,0.241358,4,0.8660254037844387,-0.4999999999999998,0.16718499008346033,0.17440705268415774
2025-04-24 06:48:06.753000+00:00,0df655af-916f-4b4a-969f-258803728022,0.242812,HSD,1.3e-05,3e-06,2697.91,0.241358,4,0.8660254037844387,-0.4999999999999998,0.16718499008346033,0.17440705268415774
2025-04-24 06:48:18.568000+00:00,0df655af-916f-4b4a-969f-258803728022,3.416466,LPG,0.000125,3.4e-05,2996.9,3.402433,4,0.8660254037844387,-0.4999999999999998,0.17169510714981195,0.17239157245752756
2025-04-24 06:48:18.568000+00:00,0df655af-916f-4b4a-969f-258803728022,3.416466,LPG,0.000125,3.4e-05,2996.9,3.402433,4,0.8660254037844387,-0.4999999999999998,0.17169510714981195,0.17239157245752756
2025-04-24 06:48:18.568000+00:00,0df655af-916f-4b4a-969f-258803728022,3.416466,LPG,0.000125,3.4e-05,2996.9,3.402433,4,0.8660254037844387,-0.4999999999999998,0.17169510714981195,0.17239157245752756
2025-04-24 06:48:54.650000+00:00,9dedabbb-ed80-46e7-a3fa-22bf141d8e77,1.821089,HSD,9.5e-05,2e-05,2697.91,1.810188,4,0.8660254037844387,-0.4999999999999998,0.16820252320992224,0.17169510714981195
2025-04-24 06:48:54.650000+00:00,9dedabbb-ed80-46e7-a3fa-22bf141d8e77,1.821089,HSD,9.5e-05,2e-05,2697.91,1.810188,4,0.8660254037844387,-0.4999999999999998,0.16820252320992224,0.17169510714981195
2025-04-24 06:48:54.650000+00:00,9dedabbb-ed80-46e7-a3fa-22bf141d8e77,1.821089,HSD,9.5e-05,2e-05,2697.91,1.810188,4,0.8660254037844387,-0.4999999999999998,0.16820252320992224,0.17169510714981195
2025-04-24 07:15:45.590000+00:00,d76f1b50-95e8-413d-9d3d-bd1fa7b0eb37,1.133122,HSD,5.9e-05,1.3e-05,2697.91,1.126339,4,0.8660254037844387,-0.4999999999999998,0.1692259160397514,0.16949941792602635
2025-04-24 07:15:45.590000+00:00,d76f1b50-95e8-413d-9d3d-bd1fa7b0eb37,1.133122,HSD,5.9e-05,1.3e-05,2697.91,1.126339,4,0.8660254037844387,-0.4999999999999998,0.1692259160397514,0.16949941792602635
2025-04-24 07:15:45.590000+00:00,d76f1b50-95e8-413d-9d3d-bd1fa7b0eb37,1.133122,HSD,5.9e-05,1.3e-05,2697.91,1.126339,4,0.8660254037844387,-0.4999999999999998,0.1692259160397514,0.16949941792602635
2025-04-24 07:15:57.536000+00:00,d76f1b50-95e8-413d-9d3d-bd1fa7b0eb37,7374.546098,Natural Gas,138.842427,13.884243,53.1145,7366.979186,4,0.8660254037844387,-0.4999999999999998,0.1567779266026743,0.1692259160397514
2025-04-24 07:15:57.536000+00:00,d76f1b50-95e8-413d-9d3d-bd1fa7b0eb37,7374.546098,Natural Gas,138.842427,13.884243,53.1145,7366.979186,4,0.8660254037844387,-0.4999999999999998,0.1567779266026743,0.1692259160397514
2025-04-24 07:15:57.536000+00:00,d76f1b50-95e8-413d-9d3d-bd1fa7b0eb37,7374.546098,Natural Gas,138.842427,13.884243,53.1145,7366.979186,4,0.8660254037844387,-0.4999999999999998,0.1567779266026743,0.1692259160397514
2025-04-24 07:16:45.485000+00:00,d76f1b50-95e8-413d-9d3d-bd1fa7b0eb37,0.561084,Diesel (Ambulance + Fire Jeep + Fire Truck),2.9e-05,6e-06,2697.91,0.557726,4,0.8660254037844387,-0.4999999999999998,0.15962040597379812,0.16820252320992224
2025-04-24 07:16:45.485000+00:00,d76f1b50-95e8-413d-9d3d-bd1fa7b0eb37,0.561084,Diesel (Ambulance + Fire Jeep + Fire Truck),2.9e-05,6e-06,2697.91,0.557726,4,0.8660254037844387,-0.4999999999999998,0.15962040597379812,0.16820252320992224
2025-04-24 07:16:45.485000+00:00,d76f1b50-95e8-413d-9d3d-bd1fa7b0eb37,0.561084,Diesel (Ambulance + Fire Jeep + Fire Truck),2.9e-05,6e-06,2697.91,0.557726,4,0.8660254037844387,-0.4999999999999998,0.15962040597379812,0.16820252320992224
2025-04-24 07:17:09.626000+00:00,f6cf79ba-d82b-4cf3-a0d1-7c94fa19e876,9120.2732,Coal,0.5416,0.16248,1683.95,9072.8832,4,0.8660254037844387,-0.4999999999999998,0.13953108735178377,0.16718499008346033
2025-04-24 07:17:09.626000+00:00,f6cf79ba-d82b-4cf3-a0d1-7c94fa19e876,9120.2732,Coal,0.5416,0.16248,1683.95,9072.8832,4,0.8660254037844387,-0.4999999999999998,0.13953108735178377,0.16718499008346033
2025-04-24 07:17:09.626000+00:00,f6cf79ba-d82b-4cf3-a0d1-7c94fa19e876,9120.2732,Coal,0.5416,0.16248,1683.95,9072.8832,4,0.8660254037844387,-0.4999999999999998,0.13953108735178377,0.16718499008346033
2025-04-24 07:17:21.524000+00:00,f6cf79ba-d82b-4cf3-a0d1-7c94fa19e876,418.283984,Natural Gas (NPK+Ammonia Fuel),0.016577,0.000829,2.17,414.428832,4,0.8660254037844387,-0.4999999999999998,0.14834436614320873,0.16444382878855524
2025-04-24 07:17:21.524000+00:00,f6cf79ba-d82b-4cf3-a0d1-7c94fa19e876,418.283984,Natural Gas (NPK+Ammonia Fuel),0.016577,0.000829,2.17,414.428832,4,0.8660254037844387,-0.4999999999999998,0.14834436614320873,0.16444382878855524
2025-04-24 07:17:21.524000+00:00,f6cf79ba-d82b-4cf3-a0d1-7c94fa19e876,418.283984,Natural Gas (NPK+Ammonia Fuel),0.016577,0.000829,2.17,414.428832,4,0.8660254037844387,-0.4999999999999998,0.14834436614320873,0.16444382878855524
2025-04-24 07:18:09.546000+00:00,f6cf79ba-d82b-4cf3-a0d1-7c94fa19e876,16.996833,Diesel (Forklifts),0.000882,0.000189,2697.91,16.895088,4,0.8660254037844387,-0.4999999999999998,0.14400408000512066,0.16420199723569523
2025-04-24 07:18:09.546000+00:00,f6cf79ba-d82b-4cf3-a0d1-7c94fa19e876,16.996833,Diesel (Forklifts),0.000882,0.000189,2697.91,16.895088,4,0.8660254037844387,-0.4999999999999998,0.14400408000512066,0.16420199723569523
2025-04-24 07:18:09.546000+00:00,f6cf79ba-d82b-4cf3-a0d1-7c94fa19e876,16.996833,Diesel (Forklifts),0.000882,0.000189,2697.91,16.895088,4,0.8660254037844387,-0.4999999999999998,0.14400408000512066,0.16420199723569523
2025-04-24 07:19:21.739000+00:00,22f23de9-7b11-4bdf-9521-a421fccacdbf,5.751051,LPG,0.000211,5.8e-05,2996.9,5.727428,4,0.8660254037844387,-0.4999999999999998,0.15918521645286843,0.1600806868343284
2025-04-24 07:19:21.739000+00:00,22f23de9-7b11-4bdf-9521-a421fccacdbf,5.751051,LPG,0.000211,5.8e-05,2996.9,5.727428,4,0.8660254037844387,-0.4999999999999998,0.15918521645286843,0.1600806868343284
2025-04-24 07:19:21.739000+00:00,22f23de9-7b11-4bdf-9521-a421fccacdbf,5.751051,LPG,0.000211,5.8e-05,2996.9,5.727428,4,0.8660254037844387,-0.4999999999999998,0.15918521645286843,0.1600806868343284
2025-04-24 07:19:33.576000+00:00,22f23de9-7b11-4bdf-9521-a421fccacdbf,2.40114,Diesel,0.000125,2.7e-05,2697.91,2.386766,4,0.8660254037844387,-0.4999999999999998,0.15056382331513957,0.15999496087866472
2025-04-24 07:19:33.576000+00:00,22f23de9-7b11-4bdf-9521-a421fccacdbf,2.40114,Diesel,0.000125,2.7e-05,2697.91,2.386766,4,0.8660254037844387,-0.4999999999999998,0.15056382331513957,0.15999496087866472
2025-04-24 07:19:33.576000+00:00,22f23de9-7b11-4bdf-9521-a421fccacdbf,2.40114,Diesel,0.000125,2.7e-05,2697.91,2.386766,4,0.8660254037844387,-0.4999999999999998,0.15056382331513957,0.15999496087866472
2025-04-24 07:20:21.669000+00:00,d0f9256f-17f4-4b7e-abc7-2eeeba8d59c0,8762.433825,Coal,0.52035,0.156105,1683.95,8716.9032,4,0.8660254037844387,-0.4999999999999998,0.1561040453225534,0.15962040597379812
2025-04-24 07:20:21.669000+00:00,d0f9256f-17f4-4b7e-abc7-2eeeba8d59c0,8762.433825,Coal,0.52035,0.156105,1683.95,8716.9032,4,0.8660254037844387,-0.4999999999999998,0.1561040453225534,0.15962040597379812
2025-04-24 07:20:21.669000+00:00,d0f9256f-17f4-4b7e-abc7-2eeeba8d59c0,8762.433825,Coal,0.52035,0.156105,1683.95,8716.9032,4,0.8660254037844387,-0.4999999999999998,0.1561040453225534,0.15962040597379812
2025-04-24 07:21:09.702000+00:00,8ccaec05-bd1d-44a2-a522-e2d02e33346c,9.40716,Furnace Oil,0.00036,6e-05,3135.72,9.38256,4,0.8660254037844387,-0.4999999999999998,0.15509871985842788,0.1592113278241242
2025-04-24 07:21:09.702000+00:00,8ccaec05-bd1d-44a2-a522-e2d02e33346c,9.40716,Furnace Oil,0.00036,6e-05,3135.72,9.38256,4,0.8660254037844387,-0.4999999999999998,0.15509871985842788,0.1592113278241242
2025-04-24 07:21:09.702000+00:00,8ccaec05-bd1d-44a2-a522-e2d02e33346c,9.40716,Furnace Oil,0.00036,6e-05,3135.72,9.38256,4,0.8660254037844387,-0.4999999999999998,0.15509871985842788,0.1592113278241242
2025-04-24 07:23:09.857000+00:00,e0bd2a9c-69d4-403e-beed-3b9a6b08b382,9940.867171,Natural Gas (Boiler+HRSG+GT),0.39397,0.019698,2.17,9849.246276,4,0.8660254037844387,-0.4999999999999998,0.15085599605321698,0.15918521645286843
2025-04-24 07:23:09.857000+00:00,e0bd2a9c-69d4-403e-beed-3b9a6b08b382,9940.867171,Natural Gas (Boiler+HRSG+GT),0.39397,0.019698,2.17,9849.246276,4,0.8660254037844387,-0.4999999999999998,0.15085599605321698,0.15918521645286843
2025-04-24 07:23:09.857000+00:00,e0bd2a9c-69d4-403e-beed-3b9a6b08b382,9940.867171,Natural Gas (Boiler+HRSG+GT),0.39397,0.019698,2.17,9849.246276,4,0.8660254037844387,-0.4999999999999998,0.15085599605321698,0.15918521645286843
2025-04-24 07:23:21.649000+00:00,e0bd2a9c-69d4-403e-beed-3b9a6b08b382,12840.994182,Natural Gas (Reformer Burner),0.508906,0.025445,2.17,12722.644005,4,0.8660254037844387,-0.4999999999999998,0.14349301673789439,0.15742789486222672
2025-04-24 07:23:21.649000+00:00,e0bd2a9c-69d4-403e-beed-3b9a6b08b382,12840.994182,Natural Gas (Reformer Burner),0.508906,0.025445,2.17,12722.644005,4,0.8660254037844387,-0.4999999999999998,0.14349301673789439,0.15742789486222672
2025-04-24 07:23:21.649000+00:00,e0bd2a9c-69d4-403e-beed-3b9a6b08b382,12840.994182,Natural Gas (Reformer Burner),0.508906,0.025445,2.17,12722.644005,4,0.8660254037844387,-0.4999999999999998,0.14349301673789439,0.15742789486222672
2025-04-24 07:23:33.641000+00:00,e0bd2a9c-69d4-403e-beed-3b9a6b08b382,0.70955,Diesel,3.7e-05,8e-06,2697.91,0.705303,4,0.8660254037844387,-0.4999999999999998,0.15621754663409465,0.15630620970658968
2025-04-24 07:23:33.641000+00:00,e0bd2a9c-69d4-403e-beed-3b9a6b08b382,0.70955,Diesel,3.7e-05,8e-06,2697.91,0.705303,4,0.8660254037844387,-0.4999999999999998,0.15621754663409465,0.15630620970658968
2025-04-24 07:23:33.641000+00:00,e0bd2a9c-69d4-403e-beed-3b9a6b08b382,0.70955,Diesel,3.7e-05,8e-06,2697.91,0.705303,4,0.8660254037844387,-0.4999999999999998,0.15621754663409465,0.15630620970658968
2025-04-24 08:19:01.885000+00:00,f6cf79ba-d82b-4cf3-a0d1-7c94fa19e876,10571.8381,Coal,0.6278,0.18834,1683.95,10516.9056,4,0.8660254037844387,-0.4999999999999998,0.13588678852028435,0.1561585259520932
2025-04-24 08:19:01.885000+00:00,f6cf79ba-d82b-4cf3-a0d1-7c94fa19e876,10571.8381,Coal,0.6278,0.18834,1683.95,10516.9056,4,0.8660254037844387,-0.4999999999999998,0.13588678852028435,0.1561585259520932
2025-04-24 08:19:01.885000+00:00,f6cf79ba-d82b-4cf3-a0d1-7c94fa19e876,10571.8381,Coal,0.6278,0.18834,1683.95,10516.9056,4,0.8660254037844387,-0.4999999999999998,0.13588678852028435,0.1561585259520932
2025-04-24 08:19:13.866000+00:00,f6cf79ba-d82b-4cf3-a0d1-7c94fa19e876,402.942283,Natural Gas (NPK+Ammonia Fuel),0.015969,0.000798,2.17,399.228529,4,0.8660254037844387,-0.4999999999999998,0.14834436614320873,0.15598999584934345
2025-04-24 08:19:13.866000+00:00,f6cf79ba-d82b-4cf3-a0d1-7c94fa19e876,402.942283,Natural Gas (NPK+Ammonia Fuel),0.015969,0.000798,2.17,399.228529,4,0.8660254037844387,-0.4999999999999998,0.14834436614320873,0.15598999584934345
2025-04-24 08:19:13.866000+00:00,f6cf79ba-d82b-4cf3-a0d1-7c94fa19e876,402.942283,Natural Gas (NPK+Ammonia Fuel),0.015969,0.000798,2.17,399.228529,4,0.8660254037844387,-0.4999999999999998,0.14834436614320873,0.15598999584934345
2025-04-24 08:20:01.799000+00:00,f6cf79ba-d82b-4cf3-a0d1-7c94fa19e876,10.764661,Diesel (Forklifts),0.000559,0.00012,2697.91,10.700222,4,0.8660254037844387,-0.4999999999999998,0.14400408000512066,0.15551590843449775
2025-04-24 08:20:01.799000+00:00,f6cf79ba-d82b-4cf3-a0d1-7c94fa19e876,10.764661,Diesel (Forklifts),0.000559,0.00012,2697.91,10.700222,4,0.8660254037844387,-0.4999999999999998,0.14400408000512066,0.15551590843449775
2025-04-24 08:20:01.799000+00:00,f6cf79ba-d82b-4cf3-a0d1-7c94fa19e876,10.764661,Diesel (Forklifts),0.000559,0.00012,2697.91,10.700222,4,0.8660254037844387,-0.4999999999999998,0.14400408000512066,0.15551590843449775
2025-04-24 08:21:25.879000+00:00,22f23de9-7b11-4bdf-9521-a421fccacdbf,8.347334,Diesel,0.000433,9.3e-05,2697.91,8.297365,4,0.8660254037844387,-0.4999999999999998,0.14930941756449106,0.15490512857963876
2025-04-24 08:21:25.879000+00:00,22f23de9-7b11-4bdf-9521-a421fccacdbf,8.347334,Diesel,0.000433,9.3e-05,2697.91,8.297365,4,0.8660254037844387,-0.4999999999999998,0.14930941756449106,0.15490512857963876
2025-04-24 08:21:25.879000+00:00,22f23de9-7b11-4bdf-9521-a421fccacdbf,8.347334,Diesel,0.000433,9.3e-05,2697.91,8.297365,4,0.8660254037844387,-0.4999999999999998,0.14930941756449106,0.15490512857963876
2025-04-24 08:25:01.969000+00:00,e0bd2a9c-69d4-403e-beed-3b9a6b08b382,10354.56436,Natural Gas (Boiler+HRSG+GT),0.410365,0.020518,2.17,10259.130587,4,0.8660254037844387,-0.4999999999999998,0.15038322414423372,0.15451667276702188
2025-04-24 08:25:01.969000+00:00,e0bd2a9c-69d4-403e-beed-3b9a6b08b382,10354.56436,Natural Gas (Boiler+HRSG+GT),0.410365,0.020518,2.17,10259.130587,4,0.8660254037844387,-0.4999999999999998,0.15038322414423372,0.15451667276702188
2025-04-24 08:25:01.969000+00:00,e0bd2a9c-69d4-403e-beed-3b9a6b08b382,10354.56436,Natural Gas (Boiler+HRSG+GT),0.410365,0.020518,2.17,10259.130587,4,0.8660254037844387,-0.4999999999999998,0.15038322414423372,0.15451667276702188
2025-04-24 08:25:13.955000+00:00,e0bd2a9c-69d4-403e-beed-3b9a6b08b382,13881.258901,Natural Gas (Reformer Burner),0.550133,0.027507,2.17,13753.321031,4,0.8660254037844387,-0.4999999999999998,0.14349301673789439,0.15432276905923661
2025-04-24 08:25:13.955000+00:00,e0bd2a9c-69d4-403e-beed-3b9a6b08b382,13881.258901,Natural Gas (Reformer Burner),0.550133,0.027507,2.17,13753.321031,4,0.8660254037844387,-0.4999999999999998,0.14349301673789439,0.15432276905923661
2025-04-24 08:25:13.955000+00:00,e0bd2a9c-69d4-403e-beed-3b9a6b08b382,13881.258901,Natural Gas (Reformer Burner),0.550133,0.027507,2.17,13753.321031,4,0.8660254037844387,-0.4999999999999998,0.14349301673789439,0.15432276905923661
2025-04-24 09:09:29.703000+00:00,f6cf79ba-d82b-4cf3-a0d1-7c94fa19e876,5385.2721,Coal,0.3198,0.09594,1683.95,5357.2896,4,0.8660254037844387,-0.4999999999999998,0.13919451050341658,0.15370612312653698
2025-04-24 09:09:29.703000+00:00,f6cf79ba-d82b-4cf3-a0d1-7c94fa19e876,5385.2721,Coal,0.3198,0.09594,1683.95,5357.2896,4,0.8660254037844387,-0.4999999999999998,0.13919451050341658,0.15370612312653698
2025-04-24 09:09:29.703000+00:00,f6cf79ba-d82b-4cf3-a0d1-7c94fa19e876,5385.2721,Coal,0.3198,0.09594,1683.95,5357.2896,4,0.8660254037844387,-0.4999999999999998,0.13919451050341658,0.15370612312653698
2025-04-24 09:09:41.761000+00:00,f6cf79ba-d82b-4cf3-a0d1-7c94fa19e876,835.852394,Natural Gas (NPK+Ammonia Fuel),0.033126,0.001656,2.17,828.148685,4,0.8660254037844387,-0.4999999999999998,0.149057418404752,0.15085599605321698
2025-04-24 09:09:41.761000+00:00,f6cf79ba-d82b-4cf3-a0d1-7c94fa19e876,835.852394,Natural Gas (NPK+Ammonia Fuel),0.033126,0.001656,2.17,828.148685,4,0.8660254037844387,-0.4999999999999998,0.149057418404752,0.15085599605321698
2025-04-24 09:09:41.761000+00:00,f6cf79ba-d82b-4cf3-a0d1-7c94fa19e876,835.852394,Natural Gas (NPK+Ammonia Fuel),0.033126,0.001656,2.17,828.148685,4,0.8660254037844387,-0.4999999999999998,0.149057418404752,0.15085599605321698
2025-04-24 09:10:29.677000+00:00,f6cf79ba-d82b-4cf3-a0d1-7c94fa19e876,14.730589,Diesel (Forklifts),0.000764,0.000164,2697.91,14.64241,4,0.8660254037844387,-0.4999999999999998,0.14376313653709544,0.15056382331513957
2025-04-24 09:10:29.677000+00:00,f6cf79ba-d82b-4cf3-a0d1-7c94fa19e876,14.730589,Diesel (Forklifts),0.000764,0.000164,2697.91,14.64241,4,0.8660254037844387,-0.4999999999999998,0.14376313653709544,0.15056382331513957
2025-04-24 09:10:29.677000+00:00,f6cf79ba-d82b-4cf3-a0d1-7c94fa19e876,14.730589,Diesel (Forklifts),0.000764,0.000164,2697.91,14.64241,4,0.8660254037844387,-0.4999999999999998,0.14376313653709544,0.15056382331513957
2025-04-24 09:11:53.622000+00:00,22f23de9-7b11-4bdf-9521-a421fccacdbf,5.045092,Diesel,0.000262,5.6e-05,2697.91,5.014891,4,0.8660254037844387,-0.4999999999999998,0.14954660976384515,0.15038322414423372
2025-04-24 09:11:53.622000+00:00,22f23de9-7b11-4bdf-9521-a421fccacdbf,5.045092,Diesel,0.000262,5.6e-05,2697.91,5.014891,4,0.8660254037844387,-0.4999999999999998,0.14954660976384515,0.15038322414423372
2025-04-24 09:11:53.622000+00:00,22f23de9-7b11-4bdf-9521-a421fccacdbf,5.045092,Diesel,0.000262,5.6e-05,2697.91,5.014891,4,0.8660254037844387,-0.4999999999999998,0.14954660976384515,0.15038322414423372
2025-04-24 09:15:53.699000+00:00,e0bd2a9c-69d4-403e-beed-3b9a6b08b382,12857.345121,Natural Gas (Reformer Burner),0.509554,0.025478,2.17,12738.844244,4,0.8660254037844387,-0.4999999999999998,0.14349301673789439,0.14978364153648055
2025-04-24 09:15:53.699000+00:00,e0bd2a9c-69d4-403e-beed-3b9a6b08b382,12857.345121,Natural Gas (Reformer Burner),0.509554,0.025478,2.17,12738.844244,4,0.8660254037844387,-0.4999999999999998,0.14349301673789439,0.14978364153648055
2025-04-24 09:15:53.699000+00:00,e0bd2a9c-69d4-403e-beed-3b9a6b08b382,12857.345121,Natural Gas (Reformer Burner),0.509554,0.025478,2.17,12738.844244,4,0.8660254037844387,-0.4999999999999998,0.14349301673789439,0.14978364153648055
2025-04-24 10:01:45.115000+00:00,f6cf79ba-d82b-4cf3-a0d1-7c94fa19e876,14530.80455,Coal,0.8629,0.25887,1683.95,14455.3008,4,0.8660254037844387,-0.4999999999999998,0.13312630689047195,0.14954660976384515
2025-04-24 10:01:45.115000+00:00,f6cf79ba-d82b-4cf3-a0d1-7c94fa19e876,14530.80455,Coal,0.8629,0.25887,1683.95,14455.3008,4,0.8660254037844387,-0.4999999999999998,0.13312630689047195,0.14954660976384515
2025-04-24 10:01:45.115000+00:00,f6cf79ba-d82b-4cf3-a0d1-7c94fa19e876,14530.80455,Coal,0.8629,0.25887,1683.95,14455.3008,4,0.8660254037844387,-0.4999999999999998,0.13312630689047195,0.14954660976384515
2025-04-24 10:01:57.053000+00:00,f6cf79ba-d82b-4cf3-a0d1-7c94fa19e876,403.275605,Natural Gas (NPK+Ammonia Fuel),0.015982,0.000799,2.17,399.558779,4,0.8660254037844387,-0.4999999999999998,0.14834436614320873,0.14930941756449106
2025-04-24 10:01:57.053000+00:00,f6cf79ba-d82b-4cf3-a0d1-7c94fa19e876,403.275605,Natural Gas (NPK+Ammonia Fuel),0.015982,0.000799,2.17,399.558779,4,0.8660254037844387,-0.4999999999999998,0.14834436614320873,0.14930941756449106
2025-04-24 10:01:57.053000+00:00,f6cf79ba-d82b-4cf3-a0d1-7c94fa19e876,403.275605,Natural Gas (NPK+Ammonia Fuel),0.015982,0.000799,2.17,399.558779,4,0.8660254037844387,-0.4999999999999998,0.14834436614320873,0.14930941756449106
2025-04-24 10:02:45.073000+00:00,f6cf79ba-d82b-4cf3-a0d1-7c94fa19e876,17.563394,Diesel (Forklifts),0.000911,0.000195,2697.91,17.458258,4,0.8660254037844387,-0.4999999999999998,0.14400408000512066,0.149057418404752
2025-04-24 10:02:45.073000+00:00,f6cf79ba-d82b-4cf3-a0d1-7c94fa19e876,17.563394,Diesel (Forklifts),0.000911,0.000195,2697.91,17.458258,4,0.8660254037844387,-0.4999999999999998,0.14400408000512066,0.149057418404752
2025-04-24 10:02:45.073000+00:00,f6cf79ba-d82b-4cf3-a0d1-7c94fa19e876,17.563394,Diesel (Forklifts),0.000911,0.000195,2697.91,17.458258,4,0.8660254037844387,-0.4999999999999998,0.14400408000512066,0.149057418404752
2025-04-24 10:08:21.234000+00:00,e0bd2a9c-69d4-403e-beed-3b9a6b08b382,16162.749727,Natural Gas (Reformer Burner),0.640551,0.032028,2.17,16013.784292,4,0.8660254037844387,-0.4999999999999998,0.14231415908787637,0.14857157802065118
2025-04-24 10:08:21.234000+00:00,e0bd2a9c-69d4-403e-beed-3b9a6b08b382,16162.749727,Natural Gas (Reformer Burner),0.640551,0.032028,2.17,16013.784292,4,0.8660254037844387,-0.4999999999999998,0.14231415908787637,0.14857157802065118
2025-04-24 10:08:21.234000+00:00,e0bd2a9c-69d4-403e-beed-3b9a6b08b382,16162.749727,Natural Gas (Reformer Burner),0.640551,0.032028,2.17,16013.784292,4,0.8660254037844387,-0.4999999999999998,0.14231415908787637,0.14857157802065118
2025-04-24 10:53:18.178000+00:00,f6cf79ba-d82b-4cf3-a0d1-7c94fa19e876,15254.90305,Coal,0.9059,0.27177,1683.95,15175.6368,4,0.8660254037844387,-0.4999999999999998,0.13287800117970344,0.14834436614320873
2025-04-24 10:53:18.178000+00:00,f6cf79ba-d82b-4cf3-a0d1-7c94fa19e876,15254.90305,Coal,0.9059,0.27177,1683.95,15175.6368,4,0.8660254037844387,-0.4999999999999998,0.13287800117970344,0.14834436614320873
2025-04-24 10:53:18.178000+00:00,f6cf79ba-d82b-4cf3-a0d1-7c94fa19e876,15254.90305,Coal,0.9059,0.27177,1683.95,15175.6368,4,0.8660254037844387,-0.4999999999999998,0.13287800117970344,0.14834436614320873
2025-04-24 10:54:06.164000+00:00,f6cf79ba-d82b-4cf3-a0d1-7c94fa19e876,15.863711,Diesel (Forklifts),0.000823,0.000176,2697.91,15.768749,4,0.8660254037844387,-0.4999999999999998,0.14400408000512066,0.14834436614320873
2025-04-24 10:54:06.164000+00:00,f6cf79ba-d82b-4cf3-a0d1-7c94fa19e876,15.863711,Diesel (Forklifts),0.000823,0.000176,2697.91,15.768749,4,0.8660254037844387,-0.4999999999999998,0.14400408000512066,0.14834436614320873
2025-04-24 10:54:06.164000+00:00,f6cf79ba-d82b-4cf3-a0d1-7c94fa19e876,15.863711,Diesel (Forklifts),0.000823,0.000176,2697.91,15.768749,4,0.8660254037844387,-0.4999999999999998,0.14400408000512066,0.14834436614320873
2025-04-24 10:59:42.141000+00:00,e0bd2a9c-69d4-403e-beed-3b9a6b08b382,13251.822633,Natural Gas (Reformer Burner),0.525187,0.026259,2.17,13129.686019,4,0.8660254037844387,-0.4999999999999998,0.14349301673789439,0.14834436614320873
2025-04-24 10:59:42.141000+00:00,e0bd2a9c-69d4-403e-beed-3b9a6b08b382,13251.822633,Natural Gas (Reformer Burner),0.525187,0.026259,2.17,13129.686019,4,0.8660254037844387,-0.4999999999999998,0.14349301673789439,0.14834436614320873
2025-04-24 10:59:42.141000+00:00,e0bd2a9c-69d4-403e-beed-3b9a6b08b382,13251.822633,Natural Gas (Reformer Burner),0.525187,0.026259,2.17,13129.686019,4,0.8660254037844387,-0.4999999999999998,0.14349301673789439,0.14834436614320873
2025-04-24 11:44:35.341000+00:00,f6cf79ba-d82b-4cf3-a0d1-7c94fa19e876,16165.92,Coal,0.96,0.288,1683.95,16081.92,4,0.8660254037844387,-0.4999999999999998,0.13262952741184292,0.14834436614320873
2025-04-24 11:44:35.341000+00:00,f6cf79ba-d82b-4cf3-a0d1-7c94fa19e876,16165.92,Coal,0.96,0.288,1683.95,16081.92,4,0.8660254037844387,-0.4999999999999998,0.13262952741184292,0.14834436614320873
2025-04-24 11:44:35.341000+00:00,f6cf79ba-d82b-4cf3-a0d1-7c94fa19e876,16165.92,Coal,0.96,0.288,1683.95,16081.92,4,0.8660254037844387,-0.4999999999999998,0.13262952741184292,0.14834436614320873
2025-04-24 11:45:23.271000+00:00,f6cf79ba-d82b-4cf3-a0d1-7c94fa19e876,16.996833,Diesel (Forklifts),0.000882,0.000189,2697.91,16.895088,4,0.8660254037844387,-0.4999999999999998,0.14400408000512066,0.14595720876726032
2025-04-24 11:45:23.271000+00:00,f6cf79ba-d82b-4cf3-a0d1-7c94fa19e876,16.996833,Diesel (Forklifts),0.000882,0.000189,2697.91,16.895088,4,0.8660254037844387,-0.4999999999999998,0.14400408000512066,0.14595720876726032
2025-04-24 11:45:23.271000+00:00,f6cf79ba-d82b-4cf3-a0d1-7c94fa19e876,16.996833,Diesel (Forklifts),0.000882,0.000189,2697.91,16.895088,4,0.8660254037844387,-0.4999999999999998,0.14400408000512066,0.14595720876726032
2025-04-24 11:51:23.376000+00:00,e0bd2a9c-69d4-403e-beed-3b9a6b08b382,13818.589345,Natural Gas (Reformer Burner),0.547649,0.027382,2.17,13691.229075,4,0.8660254037844387,-0.4999999999999998,0.14349301673789439,0.14400408000512066
2025-04-24 11:51:23.376000+00:00,e0bd2a9c-69d4-403e-beed-3b9a6b08b382,13818.589345,Natural Gas (Reformer Burner),0.547649,0.027382,2.17,13691.229075,4,0.8660254037844387,-0.4999999999999998,0.14349301673789439,0.14400408000512066
2025-04-24 11:51:23.376000+00:00,e0bd2a9c-69d4-403e-beed-3b9a6b08b382,13818.589345,Natural Gas (Reformer Burner),0.547649,0.027382,2.17,13691.229075,4,0.8660254037844387,-0.4999999999999998,0.14349301673789439,0.14400408000512066
2025-04-24 12:37:28.855000+00:00,f6cf79ba-d82b-4cf3-a0d1-7c94fa19e876,14945.05625,Coal,0.8875,0.26625,1683.95,14867.4,4,0.8660254037844387,-0.4999999999999998,0.13287800117970344,0.14400408000512066
2025-04-24 12:37:28.855000+00:00,f6cf79ba-d82b-4cf3-a0d1-7c94fa19e876,14945.05625,Coal,0.8875,0.26625,1683.95,14867.4,4,0.8660254037844387,-0.4999999999999998,0.13287800117970344,0.14400408000512066
2025-04-24 12:37:28.855000+00:00,f6cf79ba-d82b-4cf3-a0d1-7c94fa19e876,14945.05625,Coal,0.8875,0.26625,1683.95,14867.4,4,0.8660254037844387,-0.4999999999999998,0.13287800117970344,0.14400408000512066
2025-04-24 13:27:34.850000+00:00,f6cf79ba-d82b-4cf3-a0d1-7c94fa19e876,16980.9518,Coal,1.0084,0.30252,1683.95,16892.7168,4,0.8660254037844387,-0.4999999999999998,0.13262952741184292,0.14400408000512066
2025-04-24 13:27:34.850000+00:00,f6cf79ba-d82b-4cf3-a0d1-7c94fa19e876,16980.9518,Coal,1.0084,0.30252,1683.95,16892.7168,4,0.8660254037844387,-0.4999999999999998,0.13262952741184292,0.14400408000512066
2025-04-24 13:27:34.850000+00:00,f6cf79ba-d82b-4cf3-a0d1-7c94fa19e876,16980.9518,Coal,1.0084,0.30252,1683.95,16892.7168,4,0.8660254037844387,-0.4999999999999998,0.13262952741184292,0.14400408000512066
2025-04-24 14:23:18.683000+00:00,f6cf79ba-d82b-4cf3-a0d1-7c94fa19e876,10470.8011,Coal,0.6218,0.18654,1683.95,10416.3936,4,0.8660254037844387,-0.4999999999999998,0.13588678852028435,0.14400408000512066
2025-04-24 14:23:18.683000+00:00,f6cf79ba-d82b-4cf3-a0d1-7c94fa19e876,10470.8011,Coal,0.6218,0.18654,1683.95,10416.3936,4,0.8660254037844387,-0.4999999999999998,0.13588678852028435,0.14400408000512066
2025-04-24 14:23:18.683000+00:00,f6cf79ba-d82b-4cf3-a0d1-7c94fa19e876,10470.8011,Coal,0.6218,0.18654,1683.95,10416.3936,4,0.8660254037844387,-0.4999999999999998,0.13588678852028435,0.14400408000512066
2025-04-24 14:30:06.676000+00:00,e0bd2a9c-69d4-403e-beed-3b9a6b08b382,12940.440872,Natural Gas (Reformer Burner),0.512847,0.025642,2.17,12821.174136,4,0.8660254037844387,-0.4999999999999998,0.14349301673789439,0.14400408000512066
2025-04-24 14:30:06.676000+00:00,e0bd2a9c-69d4-403e-beed-3b9a6b08b382,12940.440872,Natural Gas (Reformer Burner),0.512847,0.025642,2.17,12821.174136,4,0.8660254037844387,-0.4999999999999998,0.14349301673789439,0.14400408000512066
2025-04-24 14:30:06.676000+00:00,e0bd2a9c-69d4-403e-beed-3b9a6b08b382,12940.440872,Natural Gas (Reformer Burner),0.512847,0.025642,2.17,12821.174136,4,0.8660254037844387,-0.4999999999999998,0.14349301673789439,0.14400408000512066
2025-04-24 15:15:58.154000+00:00,f6cf79ba-d82b-4cf3-a0d1-7c94fa19e876,11199.95145,Coal,0.6651,0.19953,1683.95,11141.7552,4,0.8660254037844387,-0.4999999999999998,0.13558922103841992,0.14389324600982906
2025-04-24 15:15:58.154000+00:00,f6cf79ba-d82b-4cf3-a0d1-7c94fa19e876,11199.95145,Coal,0.6651,0.19953,1683.95,11141.7552,4,0.8660254037844387,-0.4999999999999998,0.13558922103841992,0.14389324600982906
2025-04-24 15:15:58.154000+00:00,f6cf79ba-d82b-4cf3-a0d1-7c94fa19e876,11199.95145,Coal,0.6651,0.19953,1683.95,11141.7552,4,0.8660254037844387,-0.4999999999999998,0.13558922103841992,0.14389324600982906
2025-04-24 16:12:11.312000+00:00,f6cf79ba-d82b-4cf3-a0d1-7c94fa19e876,15195.9648,Coal,0.9024,0.27072,1683.95,15117.0048,4,0.8660254037844387,-0.4999999999999998,0.13287800117970344,0.14376313653709544
2025-04-24 16:12:11.312000+00:00,f6cf79ba-d82b-4cf3-a0d1-7c94fa19e876,15195.9648,Coal,0.9024,0.27072,1683.95,15117.0048,4,0.8660254037844387,-0.4999999999999998,0.13287800117970344,0.14376313653709544
2025-04-24 16:12:11.312000+00:00,f6cf79ba-d82b-4cf3-a0d1-7c94fa19e876,15195.9648,Coal,0.9024,0.27072,1683.95,15117.0048,4,0.8660254037844387,-0.4999999999999998,0.13287800117970344,0.14376313653709544
2025-04-24 16:18:47.346000+00:00,e0bd2a9c-69d4-403e-beed-3b9a6b08b382,13066.470586,Natural Gas (Reformer Burner),0.517842,0.025892,2.17,12946.042286,4,0.8660254037844387,-0.4999999999999998,0.14349301673789439,0.14376313653709544
2025-04-24 16:18:47.346000+00:00,e0bd2a9c-69d4-403e-beed-3b9a6b08b382,13066.470586,Natural Gas (Reformer Burner),0.517842,0.025892,2.17,12946.042286,4,0.8660254037844387,-0.4999999999999998,0.14349301673789439,0.14376313653709544
2025-04-24 16:18:47.346000+00:00,e0bd2a9c-69d4-403e-beed-3b9a6b08b382,13066.470586,Natural Gas (Reformer Burner),0.517842,0.025892,2.17,12946.042286,4,0.8660254037844387,-0.4999999999999998,0.14349301673789439,0.14376313653709544
2025-07-10 09:22:48.624000+00:00,ffcd9d3d-c381-4e6b-9f20-393bc616132a,170737.098157,Coal,2.473256,4.946512,207.1,169253.144624,7,-0.4999999999999997,-0.8660254037844388,0.14256311785340509,0.14349301673789439
2025-07-10 09:22:48.624000+00:00,ffcd9d3d-c381-4e6b-9f20-393bc616132a,170737.098157,Coal,2.473256,4.946512,207.1,169253.144624,7,-0.4999999999999997,-0.8660254037844388,0.14256311785340509,0.14349301673789439
2025-07-10 09:22:48.624000+00:00,ffcd9d3d-c381-4e6b-9f20-393bc616132a,170737.098157,Coal,2.473256,4.946512,207.1,169253.144624,7,-0.4999999999999997,-0.8660254037844388,0.14256311785340509,0.14349301673789439
2025-07-15 08:37:32.928000+00:00,beae4852-c882-4706-8dd9-f8ce4dc11989,51630.03,Coal,0.7479,1.4958,207.1,51181.29,7,-0.4999999999999997,-0.8660254037844388,0.13985484129784376,0.14349301673789439
2025-07-15 08:37:32.928000+00:00,beae4852-c882-4706-8dd9-f8ce4dc11989,51630.03,Coal,0.7479,1.4958,207.1,51181.29,7,-0.4999999999999997,-0.8660254037844388,0.13985484129784376,0.14349301673789439
2025-07-15 08:37:32.928000+00:00,beae4852-c882-4706-8dd9-f8ce4dc11989,51630.03,Coal,0.7479,1.4958,207.1,51181.29,7,-0.4999999999999997,-0.8660254037844388,0.13985484129784376,0.14349301673789439
